territory_id,date,shift_raw,shift_pct,driver
1049,2023-04-01,0.13860556261108922,1.0,Продовольствие
1662,2023-06-01,0.1245747940214707,1.0,Продовольствие
619,2023-07-01,0.12167901787141652,1.0,Продовольствие
335,2024-07-01,0.12138812956094355,1.0,Продовольствие
319,2023-07-01,0.12133708189498618,0.9995039682539683,Продовольствие
335,2023-11-01,0.11780469941048868,1.0,Продовольствие
318,2024-10-01,0.11242966346391041,1.0,Продовольствие
1267,2024-02-01,0.11140404411289309,1.0,Продовольствие
191,2024-11-01,0.11054367950709973,1.0,Маркетплейсы
319,2024-07-01,0.10945138489324129,0.9995039682539683,Продовольствие
618,2024-02-01,0.10811674891727738,0.9995039682539683,Продовольствие
341,2024-07-01,0.10697849590084614,0.9990079365079365,Продовольствие
335,2024-10-01,0.10618605819628542,0.9995039682539683,Продовольствие
2345,2023-11-01,0.10515139142747823,0.9995039682539683,Продовольствие
621,2023-07-01,0.10406745911665469,0.9990079365079365,Продовольствие
907,2024-11-01,0.09984288272222883,0.9995039682539683,Продовольствие
191,2023-07-01,0.09700748890381283,0.9985119047619048,Продовольствие
1201,2023-11-01,0.09437387555773948,0.9990079365079365,Продовольствие
332,2023-07-01,0.09400896343099158,0.998015873015873,Продовольствие
316,2024-07-01,0.09345130795196407,0.9985119047619048,Продовольствие
226,2023-11-01,0.09312554332040596,0.9985119047619048,Продовольствие
1267,2024-01-01,0.09278921657230159,1.0,Продовольствие
243,2024-11-01,0.09277077926896037,0.9990079365079365,Маркетплейсы
556,2023-12-01,0.0926534108482635,1.0,Маркетплейсы
316,2023-07-01,0.09258996396045613,0.9975198412698413,Продовольствие
2244,2023-10-01,0.09258770244279645,1.0,Продовольствие
1267,2024-04-01,0.09244805138895947,1.0,Маркетплейсы
1324,2023-12-01,0.09237300312874226,0.9995039682539683,Продовольствие
614,2024-10-01,0.09109191345747522,0.9990079365079365,Продовольствие
1152,2023-06-01,0.09056009412385242,0.9995039682539683,Продовольствие
401,2023-08-01,0.09004167102824383,1.0,Продовольствие
2334,2024-10-01,0.08967395347772365,0.9985119047619048,Продовольствие
708,2024-02-01,0.08955135854036136,0.9990079365079365,Маркетплейсы
614,2024-03-01,0.08836305351866107,1.0,Продовольствие
2250,2023-06-01,0.08835955238962563,0.9990079365079365,Продовольствие
408,2024-09-01,0.0875449901202565,1.0,Продовольствие
319,2023-10-01,0.08750503614361026,0.9995039682539683,Продовольствие
1124,2024-03-01,0.08659426159873614,0.9995039682539683,Продовольствие
1060,2024-10-01,0.08634962166498927,0.998015873015873,Продовольствие
1870,2024-01-01,0.08621448412494233,0.9995039682539683,Маркетплейсы
522,2023-06-01,0.08615385255844424,0.9985119047619048,Продовольствие
1324,2024-01-01,0.0861381773793199,0.9990079365079365,Продовольствие
1124,2024-04-01,0.08546952760291243,0.9995039682539683,Продовольствие
341,2023-07-01,0.08392183183259981,0.9970238095238095,Продовольствие
553,2023-05-01,0.08349149232808627,1.0,Продовольствие
619,2023-08-01,0.0831987845071548,0.9995039682539683,Продовольствие
319,2023-06-01,0.0831278762601786,0.998015873015873,Продовольствие
2268,2024-01-01,0.08308884023208092,0.9985119047619048,Продовольствие
338,2024-10-01,0.08297762989982747,0.9975198412698413,Продовольствие
335,2023-09-01,0.0827956310690475,1.0,Продовольствие
243,2024-05-01,0.08276808137517529,0.9995039682539683,Продовольствие
2250,2023-09-01,0.08269298165218614,0.9995039682539683,Продовольствие
376,2023-12-01,0.0826871244919571,0.9990079365079365,Продовольствие
335,2023-10-01,0.08254266716962019,0.9990079365079365,Продовольствие
416,2024-02-01,0.08236633907683731,0.9985119047619048,Продовольствие
334,2024-07-01,0.08198834082490111,0.9970238095238095,Продовольствие
316,2024-11-01,0.08193863140585206,0.9985119047619048,Продовольствие
2244,2023-07-01,0.08181699759669184,0.9965277777777778,Продовольствие
2345,2024-11-01,0.08172850391232835,0.998015873015873,Продовольствие
2250,2024-09-01,0.0817037283583414,0.9995039682539683,Продовольствие
243,2023-11-01,0.08142703802786962,0.9975198412698413,Продовольствие
2145,2024-11-01,0.08136659494170859,0.9975198412698413,Маркетплейсы
2345,2023-06-01,0.0811803115571281,0.9975198412698413,Продовольствие
1286,2023-09-01,0.08116311295651436,0.9990079365079365,Продовольствие
414,2023-08-01,0.08112466551688875,0.9990079365079365,Продовольствие
334,2024-10-01,0.08074875736894616,0.9970238095238095,Продовольствие
1201,2024-11-01,0.08017944979274293,0.9970238095238095,Маркетплейсы
395,2023-06-01,0.07976383934426111,0.9970238095238095,Продовольствие
542,2023-12-01,0.07958313307422403,0.9985119047619048,Продовольствие
1286,2023-10-01,0.07941543350660697,0.9985119047619048,Продовольствие
316,2024-10-01,0.07932446754089936,0.9965277777777778,Продовольствие
615,2023-10-01,0.0791211117507966,0.998015873015873,Продовольствие
1850,2023-12-01,0.07901849780011869,0.998015873015873,Продовольствие
168,2023-05-01,0.07901322651161508,0.9995039682539683,Продовольствие
2134,2024-04-01,0.07855048450129914,0.9990079365079365,Продовольствие
2593,2023-12-01,0.07842067376969615,0.9975198412698413,Маркетплейсы
2348,2024-06-01,0.0782324546556824,1.0,Продовольствие
335,2024-11-01,0.07768780724791577,0.9965277777777778,Продовольствие
401,2024-07-01,0.07739555170555022,0.996031746031746,Маркетплейсы
774,2023-07-01,0.07734154451583773,0.996031746031746,Продовольствие
2250,2024-10-01,0.07718357503339279,0.996031746031746,Продовольствие
2116,2023-09-01,0.07700885547281362,0.9985119047619048,Продовольствие
614,2023-09-01,0.07698569410948498,0.998015873015873,Продовольствие
1267,2023-11-01,0.07688352762830641,0.9965277777777778,Продовольствие
334,2023-05-01,0.07664041929207352,0.9990079365079365,Продовольствие
2079,2024-10-01,0.07658042453775925,0.9955357142857143,Продовольствие
316,2023-06-01,0.07639757484615668,0.9965277777777778,Продовольствие
334,2024-06-01,0.07632300331164171,0.9995039682539683,Продовольствие
319,2024-09-01,0.07556006839696944,0.9990079365079365,Продовольствие
319,2024-10-01,0.07534927258429662,0.9950396825396826,Продовольствие
1662,2023-04-01,0.07531280131706083,0.9995039682539683,Продовольствие
2250,2023-10-01,0.07529468023567272,0.9975198412698413,Продовольствие
1871,2023-04-01,0.07523448715843567,0.9990079365079365,Продовольствие
907,2024-02-01,0.07516632849906839,0.998015873015873,Продовольствие
1860,2023-09-01,0.07487762444116149,0.9975198412698413,Продовольствие
1871,2024-01-01,0.07487451126725472,0.998015873015873,Продовольствие
323,2024-10-01,0.07484898522571264,0.9945436507936508,Продовольствие
1774,2024-05-01,0.07465223554839331,0.9990079365079365,Продовольствие
335,2024-06-01,0.0745643132897468,0.9990079365079365,Продовольствие
2334,2024-09-01,0.07393900040533065,0.9985119047619048,Продовольствие
2345,2023-12-01,0.07382782672452544,0.9970238095238095,Продовольствие
615,2024-10-01,0.07380090933161183,0.9940476190476191,Продовольствие
285,2024-10-01,0.07364476716385397,0.9935515873015873,Продовольствие
69,2023-10-01,0.07341602590176291,0.9970238095238095,Продовольствие
2872,2023-10-01,0.07282812229196382,0.9965277777777778,Продовольствие
1849,2023-09-01,0.0726101620264536,0.9970238095238095,Продовольствие
1662,2023-07-01,0.0724679552192887,0.9950396825396826,Общественное питание
318,2024-07-01,0.07240594969186714,0.9955357142857143,Продовольствие
1152,2024-06-01,0.07217523291509945,0.9985119047619048,Продовольствие
1178,2024-08-01,0.07208601449368027,0.9995039682539683,Продовольствие
338,2023-10-01,0.072028890324874,0.996031746031746,Продовольствие
1730,2024-01-01,0.07192887360443985,0.9975198412698413,Продовольствие
618,2024-08-01,0.07185119793094198,0.9990079365079365,Продовольствие
341,2024-06-01,0.07168226723361866,0.998015873015873,Продовольствие
614,2023-10-01,0.07163139713545803,0.9955357142857143,Продовольствие
1178,2024-11-01,0.07138150234016204,0.996031746031746,Продовольствие
334,2024-09-01,0.07133929961686468,0.998015873015873,Продовольствие
2249,2023-05-01,0.07128714231503423,0.9985119047619048,Продовольствие
318,2023-07-01,0.07104402553340207,0.9945436507936508,Продовольствие
1730,2024-11-01,0.07104258289525053,0.9955357142857143,Маркетплейсы
2043,2024-07-01,0.07091384156569548,0.9950396825396826,Маркетплейсы
2345,2024-10-01,0.07091314314257131,0.9930555555555556,Продовольствие
339,2024-05-01,0.0708819841692258,0.9985119047619048,Продовольствие
331,2024-10-01,0.07074500180015149,0.9925595238095238,Продовольствие
1749,2024-06-01,0.07070701313449691,0.9975198412698413,Продовольствие
1871,2023-10-01,0.07058185438871217,0.9950396825396826,Продовольствие
323,2023-10-01,0.07042905920378034,0.9945436507936508,Продовольствие
2130,2023-05-01,0.07039886823025224,0.998015873015873,Продовольствие
331,2023-10-01,0.07037879387995771,0.9940476190476191,Продовольствие
1741,2023-04-01,0.0702457146799124,0.9985119047619048,Маркетплейсы
191,2023-08-01,0.07017467606242744,0.9985119047619048,Продовольствие
191,2024-09-01,0.07003528089551316,0.9975198412698413,Маркетплейсы
1178,2024-03-01,0.06998752487131238,0.9990079365079365,Продовольствие
1849,2023-12-01,0.06980870279253477,0.9965277777777778,Маркетплейсы
2345,2023-07-01,0.06967891862595323,0.9940476190476191,Продовольствие
619,2023-12-01,0.06942216646218144,0.996031746031746,Продовольствие
618,2023-05-01,0.06937603686901639,0.9975198412698413,Продовольствие
618,2024-01-01,0.06923673765897483,0.9970238095238095,Продовольствие
339,2024-10-01,0.06905013915453638,0.9920634920634921,Продовольствие
401,2024-02-01,0.06898670064504792,0.9975198412698413,Продовольствие
1984,2023-10-01,0.06898461173142814,0.9935515873015873,Продовольствие
2249,2023-10-01,0.06890080036504528,0.9930555555555556,Продовольствие
335,2024-08-01,0.06831861818993867,0.9985119047619048,Продовольствие
621,2023-12-01,0.06829035187988802,0.9955357142857143,Продовольствие
1166,2024-11-01,0.06793429590887164,0.9930555555555556,Продовольствие
592,2024-11-01,0.06788900191894605,0.9925595238095238,Продовольствие
619,2023-06-01,0.06752568008952581,0.9950396825396826,Продовольствие
1438,2024-07-01,0.0674413761338215,0.9940476190476191,Продовольствие
523,2023-05-01,0.06734784657343941,0.9970238095238095,Продовольствие
314,2023-08-01,0.06712852175154624,0.998015873015873,Продовольствие
323,2024-05-01,0.06710712728148287,0.998015873015873,Продовольствие
771,2023-08-01,0.06708567506520206,0.9975198412698413,Продовольствие
618,2023-07-01,0.0670719564984588,0.9935515873015873,Продовольствие
185,2023-07-01,0.06681668726215234,0.9930555555555556,Продовольствие
614,2024-09-01,0.0667075561584228,0.9970238095238095,Продовольствие
226,2024-11-01,0.06663681862698904,0.9920634920634921,Маркетплейсы
2349,2023-06-01,0.06659655742990585,0.9945436507936508,Продовольствие
583,2024-01-01,0.06655735887188387,0.9965277777777778,Продовольствие
1431,2024-06-01,0.0665227690534472,0.9970238095238095,Продовольствие
522,2023-07-01,0.0664090890235376,0.9925595238095238,Продовольствие
503,2024-09-01,0.06634767130639747,0.9965277777777778,Маркетплейсы
401,2024-04-01,0.06623507780290519,0.9985119047619048,Продовольствие
2043,2024-10-01,0.06607133924347738,0.9915674603174603,Маркетплейсы
1164,2023-08-01,0.06605691261898364,0.9965277777777778,Продовольствие
1118,2024-10-01,0.06590222615698409,0.9910714285714286,Маркетплейсы
720,2024-10-01,0.06589689993959082,0.9905753968253969,Продовольствие
2262,2023-09-01,0.06581625291876003,0.9965277777777778,Продовольствие
2022,2023-12-01,0.06580269746724644,0.9950396825396826,Маркетплейсы
181,2023-05-01,0.06561571249144123,0.9965277777777778,Продовольствие
1699,2023-04-01,0.06559023348453162,0.998015873015873,Продовольствие
2022,2023-05-01,0.06556287612276045,0.996031746031746,Продовольствие
618,2024-07-01,0.06542680641228509,0.9935515873015873,Продовольствие
2145,2023-10-01,0.06539909189060907,0.9925595238095238,Продовольствие
619,2024-11-01,0.06536018923642507,0.9915674603174603,Продовольствие
334,2023-11-01,0.06531814933821344,0.9955357142857143,Продовольствие
708,2024-01-01,0.065301594909613,0.996031746031746,Маркетплейсы
1984,2023-07-01,0.0652552950489816,0.9920634920634921,Маркетплейсы
348,2023-08-01,0.06521767365194617,0.996031746031746,Маркетплейсы
2139,2023-11-01,0.06517920018555623,0.9950396825396826,Продовольствие
191,2024-10-01,0.06516230323533641,0.9900793650793651,Продовольствие
188,2023-12-01,0.06510561036746271,0.9945436507936508,Маркетплейсы
2872,2023-11-01,0.06497136180575382,0.9945436507936508,Продовольствие
1683,2023-04-01,0.06492795111609827,0.9975198412698413,Продовольствие
691,2024-09-01,0.06474129622394884,0.996031746031746,Продовольствие
1751,2023-10-01,0.06467533394861678,0.9920634920634921,Продовольствие
2269,2024-06-01,0.06463170044262355,0.9965277777777778,Продовольствие
602,2024-11-01,0.06463111867470482,0.9910714285714286,Продовольствие
2345,2024-06-01,0.06454819050361685,0.996031746031746,Продовольствие
718,2023-10-01,0.064511069575556,0.9915674603174603,Продовольствие
1178,2023-07-01,0.06446594309905142,0.9915674603174603,Продовольствие
1741,2023-07-01,0.06446405249558858,0.9910714285714286,Продовольствие
1201,2023-09-01,0.06443811357543303,0.996031746031746,Продовольствие
736,2023-07-01,0.06433157808464902,0.9905753968253969,Продовольствие
319,2024-06-01,0.06432573707551052,0.9955357142857143,Продовольствие
854,2023-07-01,0.06426256102170613,0.9900793650793651,Продовольствие
691,2023-11-01,0.06397272135022336,0.9940476190476191,Маркетплейсы
1579,2024-11-01,0.0639461689781774,0.9905753968253969,Маркетплейсы
619,2024-07-01,0.06371287406638858,0.9925595238095238,Продовольствие
340,2024-10-01,0.06366301757786672,0.9895833333333334,Продовольствие
2250,2023-11-01,0.06359290124420684,0.9935515873015873,Продовольствие
318,2023-10-01,0.06347170716922512,0.9910714285714286,Продовольствие
316,2023-11-01,0.06343606406220947,0.9930555555555556,Продовольствие
2250,2024-06-01,0.06342523669860424,0.9950396825396826,Продовольствие
226,2024-06-01,0.06319929132198854,0.9945436507936508,Продовольствие
556,2024-01-01,0.06310256737087674,0.9955357142857143,Маркетплейсы
340,2023-11-01,0.06308897209571106,0.9925595238095238,Продовольствие
522,2024-05-01,0.06308784105257045,0.9975198412698413,Продовольствие
774,2023-08-01,0.06308518639294287,0.9955357142857143,Продовольствие
555,2024-01-01,0.06293904483130953,0.9950396825396826,Продовольствие
889,2023-11-01,0.06289406422582941,0.9920634920634921,Продовольствие
336,2023-11-01,0.06287368240269622,0.9915674603174603,Маркетплейсы
2130,2024-03-01,0.0626015365883237,0.9985119047619048,Продовольствие
319,2023-09-01,0.0625879485160267,0.9955357142857143,Продовольствие
1129,2023-04-01,0.06240751627847053,0.9965277777777778,Продовольствие
332,2024-07-01,0.06237667086442307,0.9920634920634921,Продовольствие
2244,2023-06-01,0.06231128653793914,0.9940476190476191,Продовольствие
2078,2024-08-01,0.0622981020313349,0.998015873015873,Маркетплейсы
1966,2023-10-01,0.06219944332880709,0.9905753968253969,Продовольствие
1286,2023-11-01,0.062126740147417384,0.9910714285714286,Продовольствие
1322,2023-09-01,0.06202176235486816,0.9950396825396826,Продовольствие
618,2023-08-01,0.061993316678814615,0.9950396825396826,Продовольствие
416,2023-06-01,0.061876717799529427,0.9935515873015873,Продовольствие
2593,2023-09-01,0.061856635537046144,0.9945436507936508,Продовольствие
2096,2023-07-01,0.061788356957142895,0.9895833333333334,Продовольствие
1751,2023-09-01,0.06172366706772471,0.9940476190476191,Продовольствие
13,2024-01-01,0.06161465029984816,0.9940476190476191,Продовольствие
2244,2024-10-01,0.061538543767279685,0.9890873015873016,Продовольствие
2054,2024-11-01,0.061509186899353474,0.9900793650793651,Маркетплейсы
1438,2024-06-01,0.061462300056535836,0.9940476190476191,Продовольствие
1970,2023-04-01,0.061426064706511456,0.996031746031746,Продовольствие
1784,2024-07-01,0.06086104098588321,0.9915674603174603,Продовольствие
363,2023-08-01,0.06084622771530835,0.9945436507936508,Продовольствие
335,2023-07-01,0.06083787947674997,0.9890873015873016,Продовольствие
2145,2024-02-01,0.06079855414612877,0.9970238095238095,Продовольствие
2348,2023-12-01,0.0606777280875297,0.9940476190476191,Продовольствие
1871,2024-04-01,0.06059919289862975,0.998015873015873,Продовольствие
1741,2023-10-01,0.06048090420107669,0.9900793650793651,Продовольствие
1751,2024-01-01,0.06043328970615534,0.9935515873015873,Маркетплейсы
331,2024-03-01,0.06043061532518903,0.998015873015873,Продовольствие
859,2024-11-01,0.06032422922273563,0.9895833333333334,Маркетплейсы
338,2023-08-01,0.06031312666390451,0.9940476190476191,Продовольствие
2348,2023-06-01,0.06026948748080225,0.9930555555555556,Продовольствие
297,2024-03-01,0.060262522096488844,0.9975198412698413,Продовольствие
1178,2023-11-01,0.06025579744746549,0.9900793650793651,Маркетплейсы
687,2024-01-01,0.060136897177337535,0.9930555555555556,Продовольствие
1425,2024-04-01,0.06013368620043688,0.9975198412698413,Продовольствие
335,2024-09-01,0.06012728908642273,0.9955357142857143,Продовольствие
1438,2024-02-01,0.0600754431429137,0.9965277777777778,Продовольствие
285,2023-08-01,0.060063703478887315,0.9935515873015873,Маркетплейсы
347,2023-06-01,0.06004841657450603,0.9925595238095238,Продовольствие
2057,2024-11-01,0.05985163486004856,0.9890873015873016,Продовольствие
1178,2023-12-01,0.05976822654128461,0.9935515873015873,Маркетплейсы
1049,2023-06-01,0.05975033515268048,0.9920634920634921,Общественное питание
2148,2024-11-01,0.059433877185466305,0.9885912698412699,Маркетплейсы
907,2023-04-01,0.05939541409298512,0.9955357142857143,Продовольствие
2268,2023-10-01,0.05925913089628776,0.9895833333333334,Продовольствие
304,2023-12-01,0.059214450996235554,0.9930555555555556,Маркетплейсы
1754,2024-10-01,0.059214376366571224,0.9885912698412699,Продовольствие
2348,2023-05-01,0.059113225573472324,0.9950396825396826,Продовольствие
1590,2024-11-01,0.05909354294150504,0.9880952380952381,Продовольствие
1754,2024-05-01,0.05908086159428565,0.9970238095238095,Маркетплейсы
1178,2024-09-01,0.059014687892438446,0.9950396825396826,Маркетплейсы
2067,2023-08-01,0.058928221370557955,0.9930555555555556,Продовольствие
5,2024-05-01,0.05885460378030145,0.9965277777777778,Продовольствие
341,2023-10-01,0.058789314114394295,0.9890873015873016,Продовольствие
1725,2024-08-01,0.05873195819761058,0.9975198412698413,Продовольствие
1584,2024-03-01,0.05868847547849642,0.9970238095238095,Маркетплейсы
621,2024-07-01,0.05860649156365208,0.9910714285714286,Продовольствие
349,2023-09-01,0.058589501785198464,0.9925595238095238,Продовольствие
2349,2023-10-01,0.058519406472145055,0.9885912698412699,Продовольствие
2130,2024-01-01,0.058500276010379534,0.9920634920634921,Маркетплейсы
1267,2024-03-01,0.05849564216787523,0.9965277777777778,Маркетплейсы
363,2024-11-01,0.05847759655625506,0.9875992063492064,Продовольствие
370,2023-11-01,0.05845655564871153,0.9895833333333334,Продовольствие
1129,2024-01-01,0.05844974163453433,0.9915674603174603,Маркетплейсы
718,2023-09-01,0.05844116101784581,0.9920634920634921,Продовольствие
1590,2023-12-01,0.05843602820208446,0.9925595238095238,Маркетплейсы
615,2023-04-01,0.05833400854138312,0.9950396825396826,Продовольствие
404,2023-07-01,0.05831344178076643,0.9885912698412699,Продовольствие
2872,2023-06-01,0.05827470124123882,0.9915674603174603,Продовольствие
408,2024-02-01,0.05822256765776624,0.996031746031746,Продовольствие
2348,2024-05-01,0.05818978571437548,0.996031746031746,Продовольствие
287,2023-09-01,0.05813950510693652,0.9915674603174603,Продовольствие
495,2023-06-01,0.05809432485249552,0.9910714285714286,Продовольствие
788,2023-06-01,0.05801002613476097,0.9905753968253969,Общественное питание
316,2024-09-01,0.05799324643075773,0.9945436507936508,Продовольствие
290,2023-10-01,0.057991399300382024,0.9880952380952381,Продовольствие
1152,2023-09-01,0.05784243567341112,0.9910714285714286,Продовольствие
1069,2023-12-01,0.05783496098322444,0.9920634920634921,Продовольствие
619,2023-10-01,0.057802916960179765,0.9875992063492064,Продовольствие
338,2023-09-01,0.057755756381610235,0.9905753968253969,Продовольствие
854,2024-07-01,0.05769999038573015,0.9900793650793651,Продовольствие
324,2024-04-01,0.05767941390241494,0.9970238095238095,Продовольствие
1124,2024-02-01,0.057644436337407685,0.9955357142857143,Продовольствие
2178,2023-08-01,0.05751924970327786,0.9925595238095238,Продовольствие
691,2023-06-01,0.05750951851276612,0.9895833333333334,Продовольствие
15,2023-06-01,0.057499554692142636,0.9890873015873016,Продовольствие
1210,2024-01-01,0.05746893687474176,0.9910714285714286,Маркетплейсы
1596,2024-07-01,0.0574661860418938,0.9895833333333334,Продовольствие
2249,2023-09-01,0.05745516606353915,0.9900793650793651,Продовольствие
340,2024-05-01,0.0574543851057792,0.9955357142857143,Продовольствие
2069,2023-11-01,0.05737971857464389,0.9890873015873016,Маркетплейсы
331,2023-07-01,0.057348535868300035,0.9880952380952381,Продовольствие
290,2023-12-01,0.057323509711521364,0.9915674603174603,Продовольствие
1120,2023-12-01,0.05729726367086766,0.9910714285714286,Продовольствие
2348,2023-04-01,0.05724393659407687,0.9945436507936508,Продовольствие
318,2024-09-01,0.05718698299535328,0.9940476190476191,Продовольствие
316,2024-06-01,0.05706618380445357,0.9930555555555556,Продовольствие
339,2023-12-01,0.05705374131867671,0.9905753968253969,Продовольствие
1923,2024-02-01,0.057052299531046506,0.9950396825396826,Продовольствие
484,2023-12-01,0.05704724248734765,0.9900793650793651,Маркетплейсы
1970,2024-06-01,0.0569231583880518,0.9925595238095238,Продовольствие
2248,2023-09-01,0.05689734484863619,0.9895833333333334,Продовольствие
331,2024-09-01,0.056877290323747616,0.9935515873015873,Продовольствие
2593,2023-10-01,0.0568524898347669,0.9871031746031746,Маркетплейсы
185,2024-04-01,0.05669851406387115,0.9965277777777778,Продовольствие
2139,2023-10-01,0.05664478172775322,0.9866071428571429,Продовольствие
349,2024-06-01,0.05656970181637217,0.9920634920634921,Продовольствие
401,2023-09-01,0.0565253885604188,0.9890873015873016,Продовольствие
708,2024-03-01,0.05649264426916476,0.996031746031746,Маркетплейсы
334,2023-06-01,0.05643886176049016,0.9885912698412699,Продовольствие
2078,2024-04-01,0.05642707171231752,0.996031746031746,Маркетплейсы
1730,2023-07-01,0.05640055483388799,0.9875992063492064,Маркетплейсы
339,2023-05-01,0.05637096381084037,0.9940476190476191,Продовольствие
2054,2023-04-01,0.05633565230253504,0.9940476190476191,Продовольствие
2348,2023-11-01,0.05630750713306403,0.9885912698412699,Продовольствие
726,2023-09-01,0.056265344023499926,0.9885912698412699,Продовольствие
1849,2023-06-01,0.05616684041228142,0.9880952380952381,Продовольствие
319,2023-08-01,0.05612966275673454,0.9920634920634921,Продовольствие
907,2024-05-01,0.05610050566104294,0.9950396825396826,Продовольствие
791,2024-11-01,0.05607288232414087,0.9871031746031746,Маркетплейсы
2244,2023-09-01,0.056036233295619256,0.9880952380952381,Продовольствие
306,2023-11-01,0.05597853740324647,0.9880952380952381,Продовольствие
848,2024-02-01,0.05596604938632967,0.9945436507936508,Продовольствие
1152,2024-07-01,0.05592396851514872,0.9880952380952381,Продовольствие
341,2023-06-01,0.05582659542065916,0.9875992063492064,Продовольствие
285,2023-12-01,0.05582363513626568,0.9895833333333334,Маркетплейсы
1425,2023-04-01,0.0557943841857649,0.9935515873015873,Продовольствие
1438,2023-07-01,0.05578122546334733,0.9871031746031746,Продовольствие
1431,2023-08-01,0.05576454211030284,0.9915674603174603,Продовольствие
1891,2023-10-01,0.0557335670720201,0.9861111111111112,Продовольствие
348,2023-05-01,0.055728590364324114,0.9935515873015873,Транспорт
323,2024-08-01,0.05571232788034574,0.9970238095238095,Продовольствие
401,2023-06-01,0.05570498657707053,0.9871031746031746,Продовольствие
334,2023-07-01,0.05567017184749767,0.9866071428571429,Продовольствие
1438,2023-08-01,0.055650416792234834,0.9910714285714286,Продовольствие
614,2024-04-01,0.05559463585298128,0.9955357142857143,Продовольствие
1754,2024-09-01,0.05555459327892468,0.9930555555555556,Маркетплейсы
335,2023-06-01,0.055543350134241665,0.9866071428571429,Продовольствие
854,2024-04-01,0.055498001578945085,0.9950396825396826,Продовольствие
2349,2023-05-01,0.05547392238751798,0.9930555555555556,Продовольствие
19,2024-01-01,0.05547068062436794,0.9905753968253969,Маркетплейсы
433,2024-08-01,0.05546691671505644,0.9965277777777778,Маркетплейсы
1438,2023-06-01,0.055402697455889174,0.9861111111111112,Продовольствие
1195,2024-09-01,0.05539252316703107,0.9925595238095238,Продовольствие
618,2023-12-01,0.05539020812984331,0.9890873015873016,Продовольствие
1060,2023-08-01,0.05533405757323193,0.9905753968253969,Продовольствие
413,2024-01-01,0.055301332868349505,0.9900793650793651,Маркетплейсы
2254,2024-05-01,0.05528498304908974,0.9945436507936508,Продовольствие
306,2024-08-01,0.05528436027529224,0.996031746031746,Продовольствие
1749,2024-05-01,0.055253493926924434,0.9940476190476191,Маркетплейсы
323,2024-07-01,0.055165114747108494,0.9875992063492064,Продовольствие
323,2024-01-01,0.055104389448250655,0.9895833333333334,Продовольствие
336,2024-01-01,0.05506617613055592,0.9890873015873016,Продовольствие
168,2024-03-01,0.055049925302470555,0.9955357142857143,Продовольствие
1871,2024-05-01,0.05494345615121,0.9935515873015873,Продовольствие
339,2023-08-01,0.05489881940827356,0.9900793650793651,Продовольствие
376,2023-04-01,0.054891104805971896,0.9930555555555556,Продовольствие
219,2024-01-01,0.05485000730313022,0.9885912698412699,Продовольствие
168,2024-02-01,0.05483639833294371,0.9940476190476191,Продовольствие
907,2024-06-01,0.054784406239041926,0.9910714285714286,Маркетплейсы
1129,2023-06-01,0.054760208084736715,0.9856150793650794,Продовольствие
338,2024-01-01,0.054736605484976615,0.9880952380952381,Продовольствие
1781,2024-05-01,0.05473044487251802,0.9930555555555556,Маркетплейсы
401,2023-07-01,0.05468832249906533,0.9861111111111112,Продовольствие
338,2023-11-01,0.05468735496716011,0.9875992063492064,Продовольствие
1336,2024-06-01,0.05467399363136977,0.9905753968253969,Продовольствие
191,2023-09-01,0.054673687214976535,0.9871031746031746,Продовольствие
619,2024-01-01,0.05465241650068505,0.9875992063492064,Продовольствие
2249,2024-07-01,0.05461344707326141,0.9871031746031746,Продовольствие
615,2024-03-01,0.05458958714935043,0.9950396825396826,Продовольствие
1053,2023-11-01,0.05457747238568346,0.9871031746031746,Продовольствие
1118,2023-12-01,0.05456710377613085,0.9880952380952381,Продовольствие
2248,2024-06-01,0.05453787417208583,0.9900793650793651,Продовольствие
2249,2023-07-01,0.05452065209855084,0.9856150793650794,Продовольствие
685,2023-08-01,0.05449679247466573,0.9895833333333334,Продовольствие
2127,2023-12-01,0.05446763521854154,0.9875992063492064,Продовольствие
619,2024-06-01,0.0544322139785104,0.9895833333333334,Продовольствие
1129,2023-08-01,0.054396055053706614,0.9890873015873016,Продовольствие
1682,2024-11-01,0.05439009670329728,0.9861111111111112,Маркетплейсы
503,2023-11-01,0.05435408624180911,0.9866071428571429,Продовольствие
1221,2023-08-01,0.0542482754278284,0.9885912698412699,Продовольствие
13,2024-02-01,0.054157536111129376,0.9935515873015873,Продовольствие
1438,2024-03-01,0.05414822704012389,0.9945436507936508,Продовольствие
2249,2024-09-01,0.054116169448808135,0.9920634920634921,Продовольствие
1649,2024-01-01,0.054060154336027115,0.9866071428571429,Продовольствие
907,2023-05-01,0.054051794200498035,0.9925595238095238,Продовольствие
621,2024-11-01,0.054025763171858955,0.9856150793650794,Продовольствие
416,2024-04-01,0.05398242059616317,0.9945436507936508,Продовольствие
726,2024-10-01,0.05389345391540899,0.9880952380952381,Продовольствие
1269,2024-10-01,0.05387045306368902,0.9875992063492064,Продовольствие
1353,2023-09-01,0.053826674737288575,0.9866071428571429,Продовольствие
78,2024-01-01,0.05378667697637377,0.9861111111111112,Продовольствие
1129,2024-04-01,0.0537132539904834,0.9940476190476191,Маркетплейсы
46,2023-07-01,0.05369574767776099,0.9851190476190477,Продовольствие
1301,2023-06-01,0.05369156682704822,0.9851190476190477,Продовольствие
319,2024-08-01,0.053663878074875875,0.9955357142857143,Продовольствие
243,2024-02-01,0.05357910853767411,0.9930555555555556,Продовольствие
2345,2023-10-01,0.05356675208696923,0.9851190476190477,Продовольствие
323,2023-08-01,0.053397804823489166,0.9880952380952381,Продовольствие
331,2024-11-01,0.053392398442472296,0.9846230158730159,Продовольствие
285,2023-04-01,0.05338798106435437,0.9920634920634921,Продовольствие
829,2024-01-01,0.053376158735161196,0.9851190476190477,Продовольствие
306,2024-03-01,0.0533563733046,0.9940476190476191,Продовольствие
1870,2023-11-01,0.053252048071918,0.9861111111111112,Продовольствие
499,2024-01-01,0.05322766410883583,0.9846230158730159,Продовольствие
1295,2023-10-01,0.05321677257675334,0.9846230158730159,Продовольствие
341,2024-11-01,0.05319954213128074,0.9841269841269841,Продовольствие
365,2023-06-01,0.053171910635948776,0.9846230158730159,Продовольствие
72,2023-10-01,0.05315852041115667,0.9841269841269841,Продовольствие
304,2024-11-01,0.053147391123232336,0.9836309523809523,Продовольствие
1220,2023-05-01,0.053142284568491314,0.9920634920634921,Продовольствие
1662,2024-07-01,0.0530887347966106,0.9861111111111112,Продовольствие
2178,2024-11-01,0.05306726129314398,0.9831349206349206,Продовольствие
343,2023-08-01,0.053048922911446195,0.9875992063492064,Продовольствие
1185,2024-11-01,0.05304277109338304,0.9826388888888888,Маркетплейсы
1124,2023-07-01,0.05297928254177224,0.9846230158730159,Продовольствие
331,2023-09-01,0.052934394164134174,0.9861111111111112,Продовольствие
1851,2023-08-01,0.05273597865081049,0.9871031746031746,Продовольствие
1171,2024-11-01,0.05272750594140087,0.9821428571428571,Продовольствие
285,2024-08-01,0.05272482754658076,0.9950396825396826,Маркетплейсы
304,2024-10-01,0.05265803878755595,0.9871031746031746,Продовольствие
1850,2024-04-01,0.05261946215754133,0.9935515873015873,Продовольствие
1744,2023-04-01,0.052568260857575204,0.9915674603174603,Продовольствие
1559,2023-04-01,0.05254519512623454,0.9910714285714286,Продовольствие
1718,2023-09-01,0.05254483163750921,0.9856150793650794,Продовольствие
1431,2023-07-01,0.052541821914365384,0.9841269841269841,Продовольствие
2244,2024-06-01,0.052468782921573705,0.9890873015873016,Продовольствие
1662,2024-01-01,0.05246490636286181,0.9836309523809523,Маркетплейсы
340,2023-10-01,0.052449906279003186,0.9836309523809523,Продовольствие
2349,2023-07-01,0.05240696224211682,0.9836309523809523,Продовольствие
413,2023-06-01,0.05240397937882107,0.9841269841269841,Продовольствие
592,2023-05-01,0.052381349558930035,0.9915674603174603,Продовольствие
1178,2023-09-01,0.05234327555257249,0.9851190476190477,Продовольствие
363,2023-06-01,0.05233555830242369,0.9836309523809523,Продовольствие
1923,2023-09-01,0.052325416051044266,0.9846230158730159,Маркетплейсы
243,2024-06-01,0.052305919643253956,0.9885912698412699,Маркетплейсы
341,2024-09-01,0.05229202431118427,0.9910714285714286,Продовольствие
2049,2023-10-01,0.05226832141264447,0.9831349206349206,Маркетплейсы
691,2023-07-01,0.05226822429379479,0.9831349206349206,Продовольствие
522,2023-08-01,0.052229865651039875,0.9866071428571429,Продовольствие
580,2024-04-01,0.05222108384723578,0.9930555555555556,Продовольствие
376,2023-06-01,0.05221421436773789,0.9831349206349206,Продовольствие
340,2023-04-01,0.052168683295286,0.9900793650793651,Продовольствие
1438,2023-05-01,0.0521457774771831,0.9910714285714286,Продовольствие
372,2023-04-01,0.052144440594871416,0.9895833333333334,Продовольствие
288,2023-10-01,0.052141439698242094,0.9826388888888888,Продовольствие
907,2024-04-01,0.05209465714916587,0.9925595238095238,Продовольствие
18,2023-07-01,0.05208399639199859,0.9826388888888888,Продовольствие
324,2024-01-01,0.05207253481702082,0.9831349206349206,Маркетплейсы
336,2024-04-01,0.05203550013454028,0.9920634920634921,Продовольствие
1579,2023-10-01,0.05200645015566243,0.9821428571428571,Маркетплейсы
1870,2023-09-01,0.05200132364231959,0.9841269841269841,Продовольствие
796,2024-11-01,0.052000062825606055,0.9816468253968254,Маркетплейсы
708,2024-04-01,0.05199219865646129,0.9915674603174603,Маркетплейсы
491,2024-03-01,0.051954431138028244,0.9935515873015873,Продовольствие
78,2024-02-01,0.05194534204190227,0.9925595238095238,Продовольствие
2349,2024-07-01,0.05191241711901423,0.9856150793650794,Продовольствие
1915,2024-01-01,0.05190181423013519,0.9826388888888888,Маркетплейсы
1217,2023-10-01,0.05189586693315669,0.9816468253968254,Продовольствие
5,2023-06-01,0.051876774924744615,0.9826388888888888,Продовольствие
602,2023-11-01,0.05184458221859073,0.9856150793650794,Продовольствие
859,2024-06-01,0.05176956737363647,0.9880952380952381,Продовольствие
319,2024-02-01,0.051758921232222616,0.9920634920634921,Продовольствие
319,2023-12-01,0.051757481887878785,0.9871031746031746,Продовольствие
336,2024-05-01,0.051702002234488335,0.9925595238095238,Продовольствие
318,2023-08-01,0.05166035435932959,0.9861111111111112,Продовольствие
1053,2024-10-01,0.051646119569425115,0.9861111111111112,Продовольствие
2043,2023-12-01,0.05152986000182978,0.9866071428571429,Продовольствие
773,2023-09-01,0.05144612866902767,0.9831349206349206,Продовольствие
319,2024-11-01,0.051406442049490186,0.9811507936507936,Продовольствие
408,2024-05-01,0.051305671034500726,0.9920634920634921,Продовольствие
2348,2024-10-01,0.05128401676053065,0.9856150793650794,Продовольствие
1124,2023-06-01,0.05126858799907789,0.9816468253968254,Продовольствие
495,2024-05-01,0.05126580861620258,0.9915674603174603,Продовольствие
1322,2024-09-01,0.05125666752683661,0.9905753968253969,Продовольствие
1579,2023-11-01,0.05125293113190502,0.9851190476190477,Маркетплейсы
621,2023-08-01,0.051240573177528205,0.9856150793650794,Продовольствие
1754,2024-03-01,0.05121154425314418,0.9930555555555556,Продовольствие
859,2024-05-01,0.051164071646672915,0.9910714285714286,Маркетплейсы
1220,2024-02-01,0.05115320543848622,0.9915674603174603,Продовольствие
718,2024-11-01,0.05113600970599359,0.9806547619047619,Продовольствие
346,2023-05-01,0.05111662568239138,0.9905753968253969,Продовольствие
1757,2023-10-01,0.0511117749714667,0.9806547619047619,Продовольствие
1757,2024-11-01,0.05109803576010574,0.9801587301587301,Продовольствие
401,2024-06-01,0.0510387172336161,0.9875992063492064,Маркетплейсы
331,2024-06-01,0.05102146249687075,0.9871031746031746,Продовольствие
347,2023-09-01,0.05101883920287093,0.9826388888888888,Маркетплейсы
2049,2024-03-01,0.050983868609364165,0.9925595238095238,Продовольствие
1871,2023-09-01,0.050973716715741635,0.9821428571428571,Продовольствие
1053,2024-07-01,0.05094536903414868,0.9851190476190477,Продовольствие
1353,2024-09-01,0.05094138604410978,0.9900793650793651,Маркетплейсы
1222,2024-11-01,0.05094107437032317,0.9796626984126984,Маркетплейсы
1730,2023-08-01,0.0509324574814326,0.9851190476190477,Маркетплейсы
281,2023-11-01,0.05092261197813606,0.9846230158730159,Продовольствие
304,2023-08-01,0.050899698854407746,0.9846230158730159,Продовольствие
204,2024-03-01,0.050890593048889286,0.9920634920634921,Продовольствие
1122,2024-02-01,0.05088265503717765,0.9910714285714286,Продовольствие
18,2024-05-01,0.050854593856476976,0.9900793650793651,Продовольствие
903,2024-08-01,0.050844441277294004,0.9945436507936508,Продовольствие
889,2023-04-01,0.05083230658474313,0.9885912698412699,Продовольствие
2022,2023-07-01,0.05083011375095215,0.9821428571428571,Продовольствие
318,2024-08-01,0.0508164560574431,0.9940476190476191,Продовольствие
401,2024-09-01,0.05080835049837474,0.9895833333333334,Маркетплейсы
2230,2023-11-01,0.050796754495198514,0.9841269841269841,Маркетплейсы
619,2024-08-01,0.05078913655517256,0.9935515873015873,Продовольствие
1938,2024-04-01,0.05077445116938125,0.9910714285714286,Маркетплейсы
1309,2024-07-01,0.05074768231821828,0.9846230158730159,Маркетплейсы
185,2024-02-01,0.05071418948439768,0.9905753968253969,Маркетплейсы
2321,2023-06-01,0.05071080442860211,0.9811507936507936,Продовольствие
1714,2024-08-01,0.050675473359660037,0.9930555555555556,Маркетплейсы
1751,2024-10-01,0.05064404130845616,0.9846230158730159,Продовольствие
243,2023-05-01,0.050642227724590226,0.9900793650793651,Продовольствие
691,2023-09-01,0.05063437067164602,0.9816468253968254,Продовольствие
787,2024-11-01,0.050616291395673085,0.9791666666666666,Продовольствие
337,2024-11-01,0.050613587814106596,0.9786706349206349,Продовольствие
2054,2023-11-01,0.0506077244168614,0.9831349206349206,Продовольствие
414,2023-12-01,0.05054725522491779,0.9861111111111112,Продовольствие
1958,2023-10-01,0.050510492351388034,0.9801587301587301,Продовольствие
337,2023-12-01,0.050475181603428176,0.9856150793650794,Продовольствие
1860,2024-03-01,0.050423476878853124,0.9915674603174603,Продовольствие
1858,2023-12-01,0.050385615967431824,0.9851190476190477,Маркетплейсы
340,2024-01-01,0.050373142586402554,0.9811507936507936,Маркетплейсы
304,2023-09-01,0.050368878951441376,0.9811507936507936,Маркетплейсы
1267,2023-10-01,0.05035099975713572,0.9796626984126984,Продовольствие
882,2023-11-01,0.05031378415351061,0.9826388888888888,Продовольствие
1118,2024-11-01,0.050309468898509846,0.9781746031746031,Продовольствие
1662,2024-04-01,0.05030761862440671,0.9905753968253969,Продовольствие
542,2023-08-01,0.050295293157054465,0.9836309523809523,Продовольствие
1120,2023-06-01,0.0502650813761046,0.9806547619047619,Продовольствие
2079,2023-10-01,0.05022406185823608,0.9791666666666666,Продовольствие
243,2024-01-01,0.050183084870027504,0.9806547619047619,Маркетплейсы
592,2023-06-01,0.050153887189981275,0.9801587301587301,Продовольствие
2345,2023-05-01,0.05013637068095657,0.9895833333333334,Продовольствие
1325,2023-09-01,0.0501138667260863,0.9806547619047619,Продовольствие
907,2023-09-01,0.05009692021270698,0.9801587301587301,Продовольствие
191,2024-06-01,0.050081461484122757,0.9866071428571429,Маркетплейсы
1124,2024-05-01,0.05005914587938845,0.9890873015873016,Продовольствие
324,2023-12-01,0.050014127887368344,0.9846230158730159,Продовольствие
416,2023-11-01,0.050005039521958054,0.9821428571428571,Продовольствие
907,2024-03-01,0.049975190188431995,0.9910714285714286,Продовольствие
1589,2024-01-01,0.049970179459878215,0.9801587301587301,Маркетплейсы
1970,2023-06-01,0.049951626767399164,0.9796626984126984,Продовольствие
1322,2024-02-01,0.04992076579533499,0.9900793650793651,Маркетплейсы
304,2024-04-01,0.049880925640037356,0.9900793650793651,Продовольствие
9,2024-02-01,0.04985476082893664,0.9890873015873016,Продовольствие
685,2023-09-01,0.049840518607864516,0.9791666666666666,Продовольствие
1749,2024-07-01,0.04981588556994931,0.9836309523809523,Продовольствие
2249,2023-08-01,0.04979105090964707,0.9831349206349206,Продовольствие
854,2024-01-01,0.04977363407224318,0.9796626984126984,Маркетплейсы
1727,2024-10-01,0.04973216118960056,0.9836309523809523,Продовольствие
2348,2024-11-01,0.049726899077574896,0.9776785714285714,Продовольствие
614,2024-06-01,0.04971840059086108,0.9861111111111112,Продовольствие
1319,2024-02-01,0.0496893004288362,0.9885912698412699,Продовольствие
1121,2023-05-01,0.04968694145507307,0.9890873015873016,Продовольствие
2348,2023-10-01,0.0496531447514716,0.9786706349206349,Продовольствие
384,2023-12-01,0.04964557606730854,0.9841269841269841,Продовольствие
889,2024-09-01,0.04952059888463378,0.9890873015873016,Продовольствие
1278,2023-12-01,0.0495023636366944,0.9836309523809523,Продовольствие
370,2024-01-01,0.0494913680580195,0.9791666666666666,Продовольствие
1269,2024-08-01,0.04942921083984544,0.9920634920634921,Продовольствие
2349,2024-10-01,0.04942835438765447,0.9831349206349206,Продовольствие
2339,2024-11-01,0.0494217560857437,0.9771825396825397,Продовольствие
1585,2024-02-01,0.04935198519336805,0.9875992063492064,Продовольствие
324,2023-11-01,0.04930478192897212,0.9811507936507936,Маркетплейсы
1590,2024-04-01,0.049298439158379316,0.9890873015873016,Маркетплейсы
2321,2023-12-01,0.04928808872736218,0.9831349206349206,Продовольствие
1431,2024-03-01,0.049286636789876416,0.9900793650793651,Продовольствие
376,2024-10-01,0.04926387237067448,0.9826388888888888,Продовольствие
15,2023-12-01,0.049260041897052034,0.9826388888888888,Продовольствие
855,2023-08-01,0.04919604138383187,0.9826388888888888,Продовольствие
317,2024-05-01,0.04917161365753207,0.9880952380952381,Продовольствие
1718,2024-05-01,0.04916197483133432,0.9875992063492064,Маркетплейсы
37,2023-06-01,0.04912003281335247,0.9791666666666666,Продовольствие
1864,2023-04-01,0.04910764584690382,0.9875992063492064,Продовольствие
859,2024-07-01,0.049089367561562194,0.9831349206349206,Продовольствие
1902,2024-03-01,0.04908635958792007,0.9895833333333334,Продовольствие
1201,2024-09-01,0.04905709578650317,0.9885912698412699,Продовольствие
1718,2024-09-01,0.04902189040160397,0.9880952380952381,Продовольствие
297,2024-06-01,0.04900416863166131,0.9856150793650794,Продовольствие
35,2024-06-01,0.048988239043935164,0.9851190476190477,Продовольствие
304,2024-02-01,0.04895409571033153,0.9871031746031746,Продовольствие
273,2023-04-01,0.04889516270448202,0.9866071428571429,Продовольствие
185,2023-10-01,0.04884764918681845,0.9781746031746031,Маркетплейсы
1122,2024-08-01,0.04882111698874355,0.9915674603174603,Маркетплейсы
293,2023-09-01,0.04876605875949267,0.9786706349206349,Продовольствие
1858,2023-05-01,0.04867596320515952,0.9885912698412699,Продовольствие
829,2024-05-01,0.048675939101544274,0.9871031746031746,Продовольствие
17,2024-02-01,0.04867014776052656,0.9866071428571429,Продовольствие
321,2024-05-01,0.04863211977230896,0.9866071428571429,Продовольствие
15,2024-09-01,0.04857954057355301,0.9871031746031746,Маркетплейсы
503,2024-11-01,0.04855692515298127,0.9766865079365079,Продовольствие
555,2024-02-01,0.048519293346042186,0.9861111111111112,Продовольствие
1733,2023-05-01,0.048517346526960395,0.9880952380952381,Продовольствие
1860,2023-12-01,0.04843720894163959,0.9821428571428571,Маркетплейсы
1733,2023-04-01,0.04841334804950916,0.9856150793650794,Продовольствие
1195,2024-02-01,0.048407372039510115,0.9856150793650794,Маркетплейсы
340,2023-09-01,0.04838473780593348,0.9781746031746031,Продовольствие
2345,2023-04-01,0.04838013226114158,0.9851190476190477,Продовольствие
691,2024-01-01,0.04836420151699756,0.9786706349206349,Продовольствие
372,2024-11-01,0.0483622745804187,0.9756944444444444,Маркетплейсы
1351,2024-09-01,0.048312418540811725,0.9866071428571429,Маркетплейсы
2349,2023-11-01,0.0483075922245411,0.9801587301587301,Продовольствие
384,2023-06-01,0.04830733398155371,0.9786706349206349,Продовольствие
1319,2024-11-01,0.048293808355644466,0.9751984126984127,Продовольствие
1970,2023-12-01,0.04827859392960095,0.9816468253968254,Продовольствие
1059,2024-04-01,0.04823053308459691,0.9885912698412699,Продовольствие
340,2024-11-01,0.04822270018434806,0.9747023809523809,Продовольствие
2025,2023-06-01,0.048217115355752266,0.9781746031746031,Продовольствие
403,2023-06-01,0.048187567937819906,0.9776785714285714,Продовольствие
1871,2024-08-01,0.04817699902543368,0.9910714285714286,Продовольствие
9,2024-05-01,0.0481432363479884,0.9861111111111112,Продовольствие
413,2024-06-01,0.04814250721300235,0.9846230158730159,Маркетплейсы
1060,2023-07-01,0.04814174104457902,0.9811507936507936,Продовольствие
619,2024-02-01,0.048136910218867505,0.9851190476190477,Продовольствие
238,2024-04-01,0.04811515699312854,0.9880952380952381,Продовольствие
1714,2024-11-01,0.048110604551960236,0.9742063492063492,Маркетплейсы
204,2023-06-01,0.0480398721924665,0.9766865079365079,Продовольствие
288,2024-09-01,0.04802542782115469,0.9861111111111112,Продовольствие
316,2023-08-01,0.04800103017044475,0.9816468253968254,Продовольствие
1128,2023-12-01,0.04799223703017735,0.9811507936507936,Продовольствие
2208,2023-10-01,0.04796492389418325,0.9776785714285714,Продовольствие
2043,2024-01-01,0.047962949901340445,0.9781746031746031,Продовольствие
1894,2023-06-01,0.04795438971359041,0.9761904761904762,Маркетплейсы
5,2024-06-01,0.04792936758827434,0.9841269841269841,Продовольствие
838,2024-08-01,0.04792222755191193,0.9905753968253969,Продовольствие
718,2023-06-01,0.047920223795716504,0.9756944444444444,Продовольствие
1891,2024-03-01,0.047900114741062344,0.9890873015873016,Продовольствие
1923,2024-10-01,0.04789427330412411,0.9821428571428571,Продовольствие
391,2023-11-01,0.04787782805868545,0.9796626984126984,Маркетплейсы
1635,2023-05-01,0.04784412775301581,0.9866071428571429,Продовольствие
1958,2023-09-01,0.04782170619656475,0.9771825396825397,Продовольствие
903,2024-11-01,0.047806633781586276,0.9737103174603174,Продовольствие
1276,2023-10-01,0.04780154597747185,0.9771825396825397,Продовольствие
1942,2024-09-01,0.04779535463789603,0.9856150793650794,Маркетплейсы
1864,2024-10-01,0.047728509487485686,0.9816468253968254,Продовольствие
82,2023-06-01,0.047697971819500244,0.9747023809523809,Продовольствие
556,2024-02-01,0.04768061352418712,0.9846230158730159,Продовольствие
580,2024-03-01,0.04761427301356373,0.9885912698412699,Продовольствие
297,2024-04-01,0.04760030053782702,0.9875992063492064,Маркетплейсы
1326,2024-09-01,0.04759566770216456,0.9851190476190477,Продовольствие
316,2023-10-01,0.04753989340019601,0.9761904761904762,Продовольствие
413,2024-02-01,0.04748260052847577,0.9841269841269841,Продовольствие
773,2024-01-01,0.047459040368284036,0.9776785714285714,Продовольствие
1267,2023-07-01,0.047417619002557546,0.9796626984126984,Продовольствие
226,2023-04-01,0.04741272648604846,0.9846230158730159,Маркетплейсы
1646,2023-08-01,0.04740376959474617,0.9811507936507936,Продовольствие
840,2023-09-01,0.047361371047976324,0.9766865079365079,Продовольствие
1124,2023-12-01,0.047342759977201575,0.9806547619047619,Продовольствие
499,2024-09-01,0.04728780509024847,0.9846230158730159,Продовольствие
348,2023-04-01,0.047266764551772984,0.9841269841269841,Маркетплейсы
2323,2023-10-01,0.047255926303795034,0.9756944444444444,Продовольствие
304,2024-06-01,0.047251927247825495,0.9836309523809523,Продовольствие
173,2023-11-01,0.047243367543488596,0.9791666666666666,Маркетплейсы
930,2024-09-01,0.04723733341569417,0.9841269841269841,Маркетплейсы
903,2024-09-01,0.047233813296083414,0.9836309523809523,Продовольствие
1686,2024-07-01,0.04722172249474114,0.9821428571428571,Продовольствие
2136,2023-06-01,0.04721597257325286,0.9742063492063492,Продовольствие
1710,2024-08-01,0.04716572294379749,0.9895833333333334,Маркетплейсы
349,2024-05-01,0.04714683714173899,0.9856150793650794,Маркетплейсы
15,2024-11-01,0.04714598704274529,0.9722222222222222,Продовольствие
306,2024-09-01,0.04714465647210363,0.9831349206349206,Маркетплейсы
428,2023-05-01,0.04713044837043453,0.9861111111111112,Продовольствие
1935,2023-04-01,0.04712145847934485,0.9831349206349206,Продовольствие
231,2023-09-01,0.04711017661176597,0.9761904761904762,Продовольствие
2145,2024-05-01,0.047101835089943964,0.9851190476190477,Продовольствие
618,2023-06-01,0.04705117475371065,0.9737103174603174,Продовольствие
320,2023-10-01,0.04698673646009411,0.9751984126984127,Продовольствие
292,2023-04-01,0.046950277105773125,0.9826388888888888,Продовольствие
1326,2024-01-01,0.04694621536169862,0.9771825396825397,Продовольствие
337,2023-10-01,0.046937418913655916,0.9747023809523809,Продовольствие
347,2023-05-01,0.04693663312750813,0.9856150793650794,Продовольствие
2269,2023-09-01,0.04688324917422441,0.9756944444444444,Продовольствие
35,2024-05-01,0.04685413008032507,0.9846230158730159,Общественное питание
2043,2023-09-01,0.046847998826807305,0.9751984126984127,Продовольствие
840,2024-07-01,0.046847363169817635,0.9816468253968254,Продовольствие
1115,2023-12-01,0.046835704862443366,0.9796626984126984,Продовольствие
560,2024-04-01,0.04683159599642646,0.9866071428571429,Продовольствие
338,2023-07-01,0.0468171518298249,0.9791666666666666,Продовольствие
410,2024-03-01,0.04678645989956006,0.9880952380952381,Общественное питание
281,2024-07-01,0.046770593689640996,0.9811507936507936,Маркетплейсы
1171,2023-12-01,0.046759818552473575,0.9791666666666666,Продовольствие
2134,2024-08-01,0.04673571385758663,0.9890873015873016,Продовольствие
2269,2023-11-01,0.04671678645274265,0.9786706349206349,Маркетплейсы
1322,2024-08-01,0.04671483919418523,0.9885912698412699,Продовольствие
1590,2023-10-01,0.04670203592754248,0.9742063492063492,Продовольствие
855,2024-01-01,0.04669884790398378,0.9766865079365079,Маркетплейсы
2230,2023-10-01,0.04666158955715729,0.9737103174603174,Продовольствие
854,2023-08-01,0.04664555229720918,0.9806547619047619,Продовольствие
349,2023-07-01,0.0466371949430367,0.9786706349206349,Маркетплейсы
341,2023-11-01,0.04662797961935498,0.9781746031746031,Продовольствие
2025,2023-04-01,0.04662685136747916,0.9821428571428571,Продовольствие
339,2023-10-01,0.0466182957812411,0.9732142857142857,Продовольствие
1935,2024-02-01,0.04657352493250977,0.9836309523809523,Продовольствие
1613,2023-06-01,0.0465600504610125,0.9732142857142857,Продовольствие
376,2024-09-01,0.046535893123873406,0.9826388888888888,Продовольствие
352,2023-07-01,0.0465357441323887,0.9781746031746031,Продовольствие
1746,2024-10-01,0.04653267192752478,0.9811507936507936,Продовольствие
788,2023-09-01,0.04651972753600781,0.9747023809523809,Продовольствие
493,2023-12-01,0.046466436360264804,0.9786706349206349,Продовольствие
1312,2023-04-01,0.04645776267635409,0.9816468253968254,Продовольствие
2249,2023-06-01,0.04643461913788894,0.972718253968254,Продовольствие
2248,2024-10-01,0.046356057436732837,0.9806547619047619,Продовольствие
1731,2024-09-01,0.046339375244253696,0.9821428571428571,Маркетплейсы
1222,2023-12-01,0.046320354032259405,0.9781746031746031,Маркетплейсы
593,2024-01-01,0.046310102272948794,0.9761904761904762,Маркетплейсы
1309,2024-08-01,0.0463044685246493,0.9875992063492064,Продовольствие
715,2023-12-01,0.04627394512179208,0.9776785714285714,Продовольствие
1208,2023-10-01,0.04627201411933841,0.972718253968254,Маркетплейсы
2872,2024-09-01,0.04624188538412371,0.9811507936507936,Продовольствие
829,2024-04-01,0.04623521232584172,0.9856150793650794,Продовольствие
2088,2024-11-01,0.046226850182659616,0.9717261904761905,Продовольствие
316,2023-12-01,0.046217201471014865,0.9771825396825397,Продовольствие
168,2023-04-01,0.04618118170063452,0.9811507936507936,Маркетплейсы
195,2023-11-01,0.046163725877926956,0.9776785714285714,Маркетплейсы
226,2023-06-01,0.04614593975483588,0.9722222222222222,Продовольствие
788,2024-11-01,0.046119665411647505,0.9712301587301587,Продовольствие
1027,2023-11-01,0.04610362200280065,0.9771825396825397,Маркетплейсы
1975,2023-12-01,0.046102577901232254,0.9766865079365079,Маркетплейсы
304,2023-10-01,0.04606733129374881,0.9722222222222222,Продовольствие
319,2023-11-01,0.04602616512469627,0.9766865079365079,Продовольствие
1773,2024-04-01,0.04602245191523605,0.9851190476190477,Продовольствие
2145,2023-08-01,0.04601318720028309,0.9801587301587301,Продовольствие
1123,2024-09-01,0.04600995238960958,0.9806547619047619,Продовольствие
1064,2024-05-01,0.04600747195138279,0.9841269841269841,Продовольствие
615,2024-11-01,0.04599610095307529,0.970734126984127,Продовольствие
1590,2024-09-01,0.045978312371228236,0.9801587301587301,Продовольствие
13,2023-09-01,0.04597796617717393,0.9742063492063492,Маркетплейсы
491,2024-01-01,0.04597774845581343,0.9756944444444444,Маркетплейсы
343,2023-12-01,0.04594950884674032,0.9761904761904762,Продовольствие
726,2023-10-01,0.045866479310306026,0.9717261904761905,Продовольствие
1319,2024-01-01,0.04585379809734268,0.9751984126984127,Маркетплейсы
341,2023-09-01,0.04583968222936227,0.9737103174603174,Продовольствие
831,2023-12-01,0.045831221762824975,0.9756944444444444,Маркетплейсы
1349,2024-01-01,0.04581402310116157,0.9747023809523809,Маркетплейсы
72,2024-04-01,0.045813494584584405,0.9846230158730159,Продовольствие
349,2023-12-01,0.04578883911521806,0.9751984126984127,Продовольствие
281,2023-06-01,0.04578499840972559,0.9717261904761905,Продовольствие
2872,2023-09-01,0.04578066888238835,0.9732142857142857,Продовольствие
618,2024-11-01,0.04573186810497859,0.9697420634920635,Продовольствие
204,2023-08-01,0.04572266692639984,0.9796626984126984,Продовольствие
2248,2024-09-01,0.0456497631144765,0.9791666666666666,Продовольствие
718,2023-11-01,0.04560762456820095,0.9761904761904762,Продовольствие
1220,2023-06-01,0.045601484471653464,0.9712301587301587,Маркетплейсы
1733,2023-08-01,0.04558783747781958,0.9791666666666666,Продовольствие
1959,2024-06-01,0.045587710347522244,0.9826388888888888,Продовольствие
2145,2023-07-01,0.0455485957782905,0.9771825396825397,Маркетплейсы
1282,2023-10-01,0.0455468524894837,0.9712301587301587,Продовольствие
2025,2024-04-01,0.04553855603635499,0.9836309523809523,Продовольствие
304,2024-01-01,0.04551051591450071,0.9737103174603174,Продовольствие
2349,2024-11-01,0.045502129479792305,0.96875,Продовольствие
1349,2024-07-01,0.045500629925044736,0.9806547619047619,Продовольствие
1714,2024-06-01,0.04549937414244903,0.9821428571428571,Продовольствие
1680,2024-06-01,0.04547164663255284,0.9816468253968254,Продовольствие
852,2024-11-01,0.04545831121579212,0.9682539682539683,Маркетплейсы
188,2023-07-01,0.0454286846099402,0.9766865079365079,Продовольствие
2238,2023-09-01,0.04542610103599541,0.972718253968254,Продовольствие
2342,2024-01-01,0.04538531750615064,0.9732142857142857,Маркетплейсы
720,2024-11-01,0.04537896718015364,0.9677579365079365,Продовольствие
801,2024-11-01,0.04537649181564999,0.9672619047619048,Маркетплейсы
321,2023-10-01,0.045357815905125796,0.970734126984127,Продовольствие
402,2023-10-01,0.04532119802586618,0.9702380952380952,Продовольствие
721,2024-01-01,0.04529418917644708,0.972718253968254,Продовольствие
808,2024-11-01,0.045285264897219214,0.966765873015873,Продовольствие
17,2024-01-01,0.04528280994610857,0.9722222222222222,Продовольствие
691,2024-10-01,0.04527975270816687,0.9801587301587301,Продовольствие
1118,2024-01-01,0.04524923311105725,0.9717261904761905,Продовольствие
1313,2024-04-01,0.04524110129431457,0.9831349206349206,Маркетплейсы
1319,2024-07-01,0.04522953143773332,0.9801587301587301,Маркетплейсы
1124,2024-10-01,0.04520185633952348,0.9796626984126984,Маркетплейсы
338,2024-11-01,0.04518250385670611,0.9662698412698413,Продовольствие
293,2024-06-01,0.04514270971985724,0.9811507936507936,Продовольствие
1189,2024-10-01,0.04512425013649239,0.9791666666666666,Маркетплейсы
35,2023-04-01,0.04505139418620461,0.9801587301587301,Продовольствие
1715,2024-06-01,0.04504215808078597,0.9806547619047619,Продовольствие
1933,2024-11-01,0.04502961082739085,0.9657738095238095,Маркетплейсы
496,2023-10-01,0.04502828851107226,0.9697420634920635,Продовольствие
1222,2024-04-01,0.04502608628463148,0.9826388888888888,Маркетплейсы
339,2023-11-01,0.045023761654271854,0.9756944444444444,Продовольствие
372,2023-11-01,0.0450021760063889,0.9751984126984127,Маркетплейсы
372,2024-02-01,0.04499256150133291,0.9816468253968254,Продовольствие
348,2024-03-01,0.04494623214955353,0.9871031746031746,Продовольствие
1893,2024-03-01,0.04494458663400012,0.9866071428571429,Продовольствие
340,2023-12-01,0.04492103169725388,0.9737103174603174,Продовольствие
304,2023-11-01,0.04488087130224074,0.9747023809523809,Маркетплейсы
1984,2024-09-01,0.04487137087953474,0.9781746031746031,Продовольствие
1870,2023-10-01,0.04485915771396629,0.9692460317460317,Маркетплейсы
335,2023-08-01,0.044850423493039436,0.9781746031746031,Продовольствие
1968,2024-08-01,0.04484154854393595,0.9856150793650794,Продовольствие
1680,2023-07-01,0.044827901264208006,0.9761904761904762,Продовольствие
592,2023-08-01,0.044812000051947895,0.9776785714285714,Продовольствие
2049,2024-01-01,0.04480104026939569,0.9712301587301587,Маркетплейсы
338,2024-07-01,0.044785796914685504,0.9796626984126984,Продовольствие
882,2024-02-01,0.044767936243794416,0.9811507936507936,Маркетплейсы
2879,2023-05-01,0.04476673272300496,0.9846230158730159,Продовольствие
1760,2024-09-01,0.044741989823386986,0.9776785714285714,Продовольствие
185,2024-08-01,0.04471738898576639,0.9851190476190477,Маркетплейсы
542,2024-01-01,0.044715741345429515,0.970734126984127,Маркетплейсы
614,2023-11-01,0.044710912791155175,0.9742063492063492,Продовольствие
848,2023-10-01,0.04470255031238893,0.96875,Продовольствие
502,2024-08-01,0.04469706208069294,0.9846230158730159,Продовольствие
1286,2024-03-01,0.044683183102230094,0.9861111111111112,Продовольствие
232,2024-05-01,0.044679649886276034,0.9831349206349206,Продовольствие
1744,2024-09-01,0.04466745890241066,0.9771825396825397,Маркетплейсы
168,2024-06-01,0.04466308594744069,0.9801587301587301,Продовольствие
492,2023-11-01,0.044657099142525976,0.9737103174603174,Продовольствие
895,2023-08-01,0.044653040633592454,0.9771825396825397,Продовольствие
1164,2023-10-01,0.044646302200085024,0.9682539682539683,Продовольствие
1864,2024-08-01,0.04464413459162547,0.9841269841269841,Маркетплейсы
2090,2024-05-01,0.044638637090798905,0.9826388888888888,Продовольствие
621,2024-10-01,0.044636811017636335,0.9786706349206349,Продовольствие
1330,2024-11-01,0.04463674754229703,0.964781746031746,Продовольствие
2229,2023-09-01,0.04463033700062793,0.9722222222222222,Продовольствие
1865,2024-06-01,0.044591585565322805,0.9796626984126984,Продовольствие
2052,2024-11-01,0.044582755320705686,0.9642857142857143,Продовольствие
2323,2024-09-01,0.04455763949056508,0.9766865079365079,Продовольствие
287,2024-01-01,0.04455014615305278,0.9702380952380952,Маркетплейсы
341,2024-10-01,0.04451688626197381,0.9781746031746031,Продовольствие
2230,2023-06-01,0.044504995761273286,0.970734126984127,Продовольствие
339,2024-09-01,0.04447649322771855,0.9756944444444444,Продовольствие
2148,2024-06-01,0.04445117754138922,0.9791666666666666,Маркетплейсы
602,2023-10-01,0.04444774618200408,0.9677579365079365,Продовольствие
384,2023-11-01,0.04441682961675703,0.9732142857142857,Маркетплейсы
334,2023-09-01,0.0443980512840067,0.9717261904761905,Транспорт
1970,2023-09-01,0.04439609219075051,0.9712301587301587,Продовольствие
1984,2024-08-01,0.04438921223671651,0.9831349206349206,Маркетплейсы
1352,2023-07-01,0.04436780265493677,0.9756944444444444,Продовольствие
1698,2023-11-01,0.044363227122988916,0.972718253968254,Маркетплейсы
1122,2024-07-01,0.04433262569118671,0.9786706349206349,Маркетплейсы
1431,2023-09-01,0.04430528664386581,0.970734126984127,Продовольствие
2253,2024-06-01,0.044297856742856696,0.9786706349206349,Продовольствие
69,2023-11-01,0.04427297444543358,0.9722222222222222,Продовольствие
771,2024-02-01,0.04424115253154694,0.9801587301587301,Продовольствие
583,2023-10-01,0.04423785360831379,0.9672619047619048,Продовольствие
1267,2023-12-01,0.044225450830232514,0.9732142857142857,Продовольствие
1750,2024-04-01,0.04420329385308583,0.9821428571428571,Маркетплейсы
2321,2024-10-01,0.044189769244213084,0.9776785714285714,Продовольствие
1220,2024-11-01,0.04410022152292982,0.9637896825396826,Маркетплейсы
2079,2023-07-01,0.04408518039983325,0.9747023809523809,Маркетплейсы
401,2024-05-01,0.04405636001649844,0.9821428571428571,Продовольствие
1217,2023-08-01,0.04405375824056416,0.9766865079365079,Продовольствие
2056,2024-02-01,0.04404469885008491,0.9796626984126984,Маркетплейсы
185,2023-11-01,0.04403967215157712,0.9717261904761905,Маркетплейсы
2116,2023-07-01,0.04403582554467143,0.9742063492063492,Продовольствие
2116,2023-05-01,0.04403227759776786,0.9826388888888888,Продовольствие
2348,2023-07-01,0.0440076356351522,0.9737103174603174,Продовольствие
614,2023-06-01,0.043998088368722404,0.9702380952380952,Продовольствие
324,2024-09-01,0.04399477191834771,0.9751984126984127,Продовольствие
1733,2024-04-01,0.04398454550256971,0.9816468253968254,Продовольствие
2130,2024-02-01,0.04397292028100113,0.9791666666666666,Продовольствие
1860,2024-01-01,0.04397226058942829,0.9692460317460317,Маркетплейсы
1762,2023-05-01,0.043922320012623556,0.9821428571428571,Продовольствие
2078,2024-11-01,0.043888264920699645,0.9627976190476191,Продовольствие
726,2023-07-01,0.043885976645159766,0.9732142857142857,Продовольствие
401,2024-10-01,0.043875793808164455,0.9771825396825397,Продовольствие
72,2024-05-01,0.043872355866181004,0.9806547619047619,Продовольствие
1122,2023-08-01,0.04384284201881634,0.9761904761904762,Продовольствие
1286,2024-08-01,0.04384126694751831,0.9826388888888888,Продовольствие
320,2023-07-01,0.043829168067154985,0.972718253968254,Продовольствие
78,2024-08-01,0.04380979485404718,0.9821428571428571,Продовольствие
764,2024-04-01,0.043767132125541064,0.9811507936507936,Продовольствие
1869,2023-07-01,0.0437621541830019,0.9722222222222222,Продовольствие
2145,2024-06-01,0.04374843196029654,0.9781746031746031,Продовольствие
1210,2024-06-01,0.04374325600195557,0.9776785714285714,Продовольствие
496,2024-01-01,0.04368779372255869,0.9677579365079365,Маркетплейсы
2078,2023-05-01,0.04367102997400333,0.9816468253968254,Продовольствие
2091,2024-02-01,0.043666245122754084,0.9786706349206349,Маркетплейсы
1276,2024-01-01,0.043664578728454126,0.9672619047619048,Продовольствие
1312,2023-07-01,0.04363582383941787,0.9717261904761905,Продовольствие
185,2024-06-01,0.04363480179869314,0.9771825396825397,Продовольствие
1718,2023-04-01,0.04362947801396049,0.9786706349206349,Продовольствие
1970,2023-05-01,0.04360568489528275,0.9811507936507936,Продовольствие
1850,2024-11-01,0.043599637305745315,0.9618055555555556,Продовольствие
917,2023-09-01,0.04359728468139818,0.9702380952380952,Продовольствие
528,2023-04-01,0.043592334431934415,0.9781746031746031,Продовольствие
1728,2024-11-01,0.04357805423562232,0.9613095238095238,Маркетплейсы
1159,2023-04-01,0.04352206542949323,0.9776785714285714,Транспорт
553,2023-04-01,0.04351972343399692,0.9771825396825397,Маркетплейсы
16,2024-02-01,0.043506292803488944,0.9781746031746031,Продовольствие
337,2024-08-01,0.04349348249989637,0.9811507936507936,Продовольствие
619,2023-11-01,0.0434830084536108,0.9712301587301587,Продовольствие
1220,2023-07-01,0.04347488025812019,0.9712301587301587,Продовольствие
226,2023-05-01,0.04347182495551182,0.9806547619047619,Продовольствие
499,2023-09-01,0.043445146351674485,0.9697420634920635,Продовольствие
2061,2023-10-01,0.04342004990417662,0.9657738095238095,Продовольствие
2054,2024-05-01,0.04341193140954813,0.9801587301587301,Маркетплейсы
1733,2024-11-01,0.04340806989947306,0.9608134920634921,Продовольствие
275,2024-02-01,0.04340597383675053,0.9771825396825397,Маркетплейсы
1220,2024-05-01,0.043397854679073644,0.9796626984126984,Продовольствие
348,2024-04-01,0.043391412184762244,0.9806547619047619,Продовольствие
884,2023-09-01,0.04337850978674391,0.9692460317460317,Продовольствие
1744,2023-12-01,0.0433621448837144,0.972718253968254,Маркетплейсы
456,2023-05-01,0.043360814397482655,0.9801587301587301,Продовольствие
1119,2023-12-01,0.043356890862426736,0.9722222222222222,Продовольствие
583,2024-03-01,0.04334210347262627,0.9856150793650794,Маркетплейсы
1858,2024-05-01,0.043325178286716566,0.9791666666666666,Продовольствие
1132,2024-01-01,0.04330378159083409,0.9657738095238095,Продовольствие
484,2024-05-01,0.04326963117034164,0.9786706349206349,Маркетплейсы
2872,2024-10-01,0.04324592734551302,0.9761904761904762,Продовольствие
1060,2024-05-01,0.04323687492734764,0.9781746031746031,Продовольствие
1415,2024-05-01,0.04320870739458288,0.9776785714285714,Продовольствие
401,2024-01-01,0.04320613008884009,0.9652777777777778,Продовольствие
852,2024-01-01,0.04320493757823091,0.964781746031746,Маркетплейсы
1121,2024-01-01,0.04317325849546999,0.9637896825396826,Продовольствие
403,2024-01-01,0.04314773604674149,0.9632936507936508,Транспорт
1749,2023-09-01,0.04312691455502882,0.96875,Маркетплейсы
1431,2023-12-01,0.043118649558462556,0.9717261904761905,Маркетплейсы
1220,2024-01-01,0.043083260554716396,0.9627976190476191,Продовольствие
2057,2024-10-01,0.0430756738404962,0.9756944444444444,Маркетплейсы
404,2023-08-01,0.04305360594093277,0.9751984126984127,Маркетплейсы
47,2023-12-01,0.04302834420810526,0.9712301587301587,Продовольствие
1626,2023-11-01,0.04301409023887609,0.970734126984127,Продовольствие
555,2023-08-01,0.043001898266061205,0.9747023809523809,Продовольствие
523,2023-04-01,0.04299799978140658,0.9766865079365079,Маркетплейсы
185,2023-04-01,0.042996936093618175,0.9761904761904762,Продовольствие
18,2023-08-01,0.042994365973531165,0.9742063492063492,Продовольствие
2309,2023-06-01,0.04297009564032024,0.9697420634920635,Продовольствие
764,2024-05-01,0.04295728721285947,0.9771825396825397,Продовольствие
1322,2023-12-01,0.042927338617397365,0.970734126984127,Маркетплейсы
1201,2023-08-01,0.04291972006503019,0.9737103174603174,Маркетплейсы
1754,2024-11-01,0.04291515669311666,0.9598214285714286,Продовольствие
2234,2023-10-01,0.04290287798826542,0.9652777777777778,Продовольствие
2344,2023-10-01,0.04288260026988329,0.964781746031746,Продовольствие
324,2023-08-01,0.042869463007326684,0.9732142857142857,Продовольствие
1921,2024-11-01,0.04284398617477859,0.9593253968253969,Маркетплейсы
2265,2023-12-01,0.04282729656478635,0.9702380952380952,Маркетплейсы
2116,2024-06-01,0.04282063395658598,0.9766865079365079,Маркетплейсы
343,2023-05-01,0.04279618440970296,0.9796626984126984,Продовольствие
1940,2024-06-01,0.042785410714765555,0.9761904761904762,Продовольствие
1970,2023-10-01,0.042758209524941276,0.9642857142857143,Продовольствие
1949,2024-04-01,0.04273204388808144,0.9796626984126984,Продовольствие
347,2023-11-01,0.04271350267437295,0.9702380952380952,Маркетплейсы
305,2023-11-01,0.042707898608954284,0.9697420634920635,Продовольствие
1194,2024-07-01,0.04269815164441701,0.9776785714285714,Маркетплейсы
68,2024-01-01,0.04268374752129801,0.9623015873015873,Продовольствие
317,2023-10-01,0.04268224258527567,0.9637896825396826,Продовольствие
836,2023-04-01,0.042672585735079246,0.9756944444444444,Продовольствие
1282,2024-11-01,0.04265321850686535,0.9588293650793651,Маркетплейсы
1923,2024-03-01,0.04265282571683995,0.9841269841269841,Маркетплейсы
1344,2023-06-01,0.04265053569051979,0.96875,Продовольствие
1730,2023-11-01,0.04264954123297756,0.9692460317460317,Маркетплейсы
1732,2024-01-01,0.04264565948954508,0.9618055555555556,Продовольствие
1128,2023-06-01,0.04263334845297698,0.9682539682539683,Продовольствие
718,2024-09-01,0.04260184975439446,0.9742063492063492,Продовольствие
2065,2024-04-01,0.04260134050078009,0.9791666666666666,Продовольствие
2052,2024-06-01,0.04252069677510995,0.9751984126984127,Продовольствие
316,2023-05-01,0.04251942736331039,0.9791666666666666,Продовольствие
69,2024-01-01,0.042516969536334846,0.9608134920634921,Продовольствие
499,2024-03-01,0.04250818218304807,0.9836309523809523,Продовольствие
2880,2023-09-01,0.04250534043575124,0.9682539682539683,Продовольствие
2100,2023-10-01,0.042494428744900926,0.9632936507936508,Продовольствие
1069,2023-06-01,0.04246994134584869,0.9677579365079365,Продовольствие
1319,2024-04-01,0.042467868956578,0.9786706349206349,Продовольствие
324,2023-05-01,0.04246008140493893,0.9786706349206349,Продовольствие
854,2023-09-01,0.042442340423569536,0.9677579365079365,Продовольствие
2088,2024-10-01,0.04243795941451127,0.9747023809523809,Продовольствие
1277,2024-02-01,0.0423902298464897,0.9761904761904762,Продовольствие
1016,2024-07-01,0.04238248088415055,0.9761904761904762,Продовольствие
889,2023-08-01,0.04237998309841891,0.972718253968254,Продовольствие
726,2024-09-01,0.042347436064588816,0.9737103174603174,Продовольствие
494,2023-05-01,0.04233896571508372,0.9781746031746031,Продовольствие
1060,2024-01-01,0.042337590454694596,0.9603174603174603,Продовольствие
1681,2024-08-01,0.042333933268459474,0.9806547619047619,Маркетплейсы
1662,2023-12-01,0.04233273528855062,0.9697420634920635,Маркетплейсы
230,2024-06-01,0.042320171946420425,0.9747023809523809,Продовольствие
232,2023-12-01,0.042312107412215215,0.9692460317460317,Продовольствие
396,2024-08-01,0.042302788727245494,0.9791666666666666,Продовольствие
489,2024-01-01,0.042301623917160504,0.9598214285714286,Продовольствие
1351,2023-09-01,0.04227872245567354,0.966765873015873,Маркетплейсы
275,2024-07-01,0.04226430842124134,0.9756944444444444,Маркетплейсы
1353,2023-11-01,0.04225766164943614,0.9682539682539683,Продовольствие
416,2023-04-01,0.0422543992971171,0.9751984126984127,Продовольствие
347,2023-04-01,0.042250944401429444,0.9747023809523809,Маркетплейсы
18,2024-11-01,0.04221965884213412,0.9583333333333334,Продовольствие
556,2024-04-01,0.04221812302748528,0.9781746031746031,Продовольствие
335,2024-04-01,0.04220434623209845,0.9776785714285714,Продовольствие
376,2023-11-01,0.04220333931994962,0.9677579365079365,Продовольствие
1731,2024-08-01,0.04216612712155321,0.9786706349206349,Маркетплейсы
1962,2023-09-01,0.04216195936072353,0.9662698412698413,Продовольствие
1754,2023-07-01,0.04216174439086348,0.970734126984127,Маркетплейсы
720,2023-06-01,0.04214067514683495,0.9672619047619048,Продовольствие
2054,2024-01-01,0.04213217248677494,0.9593253968253969,Маркетплейсы
570,2023-12-01,0.04208531662753939,0.96875,Продовольствие
15,2024-06-01,0.04208458677654722,0.9742063492063492,Продовольствие
16,2023-12-01,0.042068763085617376,0.9682539682539683,Продовольствие
337,2023-08-01,0.04204488123084031,0.9717261904761905,Продовольствие
2094,2023-05-01,0.042029691161297615,0.9776785714285714,Продовольствие
788,2023-07-01,0.042020846178706946,0.9702380952380952,Общественное питание
912,2023-05-01,0.042016801941475425,0.9771825396825397,Продовольствие
496,2024-09-01,0.0420001741438364,0.9732142857142857,Продовольствие
1730,2024-05-01,0.04199788427919258,0.9761904761904762,Продовольствие
1749,2024-04-01,0.0419821512483272,0.9771825396825397,Продовольствие
2205,2024-10-01,0.0419734909545934,0.9742063492063492,Маркетплейсы
326,2023-05-01,0.04195432063952216,0.9766865079365079,Продовольствие
2334,2023-08-01,0.04194180773071035,0.9712301587301587,Продовольствие
492,2024-01-01,0.041940498046573266,0.9588293650793651,Продовольствие
2872,2024-06-01,0.04193256912099592,0.9737103174603174,Продовольствие
2266,2024-01-01,0.04192446634018183,0.9583333333333334,Маркетплейсы
2130,2024-09-01,0.04192213457656096,0.972718253968254,Маркетплейсы
1662,2024-02-01,0.04190712518608432,0.9756944444444444,Продовольствие
1596,2024-04-01,0.04189956079843639,0.9766865079365079,Продовольствие
327,2024-07-01,0.04189866116418256,0.9747023809523809,Продовольствие
1178,2024-05-01,0.041870300157783306,0.9756944444444444,Продовольствие
1744,2024-07-01,0.04186803367073457,0.9742063492063492,Продовольствие
1178,2024-10-01,0.041867518646530655,0.9737103174603174,Маркетплейсы
2176,2023-09-01,0.041843178008165074,0.9657738095238095,Продовольствие
1178,2023-08-01,0.04183082704729214,0.970734126984127,Продовольствие
1724,2024-04-01,0.04182588016200115,0.9761904761904762,Продовольствие
1850,2023-10-01,0.04182255210094871,0.9618055555555556,Продовольствие
1732,2024-04-01,0.04182096153361397,0.9756944444444444,Продовольствие
19,2023-09-01,0.04179872710817867,0.9652777777777778,Продовольствие
1860,2024-05-01,0.04176936303518791,0.9751984126984127,Продовольствие
306,2024-01-01,0.04176773594082701,0.9578373015873016,Продовольствие
1757,2023-12-01,0.04176618667677874,0.9677579365079365,Продовольствие
304,2024-05-01,0.041765560257092375,0.9747023809523809,Маркетплейсы
1584,2024-09-01,0.04176404372171364,0.9722222222222222,Маркетплейсы
2127,2024-04-01,0.04175889091237553,0.9751984126984127,Продовольствие
2307,2023-11-01,0.041715558007822354,0.966765873015873,Продовольствие
68,2024-09-01,0.041707865249532516,0.9717261904761905,Продовольствие
746,2023-06-01,0.041697684536643846,0.9662698412698413,Продовольствие
338,2024-09-01,0.041685360005565435,0.9712301587301587,Продовольствие
15,2023-05-01,0.041668209112564566,0.9756944444444444,Продовольствие
2269,2024-09-01,0.04164146400663074,0.970734126984127,Продовольствие
361,2023-04-01,0.041627362792108345,0.9737103174603174,Продовольствие
1117,2023-04-01,0.0416088544992975,0.9732142857142857,Продовольствие
1328,2024-01-01,0.041591923471674376,0.9568452380952381,Маркетплейсы
327,2023-06-01,0.04158324077283482,0.9657738095238095,Продовольствие
2055,2023-09-01,0.04157897298131538,0.9642857142857143,Продовольствие
1731,2024-07-01,0.041571650134687346,0.9732142857142857,Продовольствие
78,2024-09-01,0.041532230284640974,0.9697420634920635,Продовольствие
1781,2024-06-01,0.04151954722671753,0.9732142857142857,Продовольствие
1319,2023-11-01,0.041488253232325675,0.9662698412698413,Продовольствие
1762,2023-09-01,0.04147486039306649,0.9637896825396826,Продовольствие
1688,2023-06-01,0.041453074931982345,0.9652777777777778,Продовольствие
726,2023-11-01,0.04144925837062071,0.9657738095238095,Продовольствие
331,2023-06-01,0.041447115712355376,0.964781746031746,Продовольствие
1662,2023-11-01,0.0414466887800223,0.9652777777777778,Маркетплейсы
22,2023-12-01,0.041440796207734554,0.9672619047619048,Продовольствие
348,2023-07-01,0.041439159318333335,0.96875,Маркетплейсы
2130,2024-06-01,0.04143496675026084,0.972718253968254,Продовольствие
2344,2024-11-01,0.04142526782337223,0.9573412698412699,Продовольствие
855,2024-06-01,0.04141171335270165,0.9722222222222222,Продовольствие
37,2023-07-01,0.0414066876511175,0.9682539682539683,Продовольствие
2066,2024-10-01,0.04139359758474903,0.9732142857142857,Продовольствие
1984,2023-08-01,0.041372520836066816,0.9702380952380952,Продовольствие
1960,2023-10-01,0.0413618440881879,0.9608134920634921,Продовольствие
337,2023-05-01,0.04135083826821784,0.9751984126984127,Продовольствие
1164,2023-04-01,0.04134741361377925,0.972718253968254,Продовольствие
352,2023-06-01,0.04132124659394085,0.9642857142857143,Продовольствие
401,2023-04-01,0.04132103971224547,0.9722222222222222,Продовольствие
2880,2023-10-01,0.04128393961949528,0.9603174603174603,Продовольствие
2269,2024-11-01,0.04127188085485828,0.9568452380952381,Продовольствие
2100,2023-12-01,0.0412625640759974,0.966765873015873,Продовольствие
2245,2023-06-01,0.041250533007998996,0.9637896825396826,Продовольствие
532,2023-08-01,0.04123406208071519,0.9697420634920635,Продовольствие
13,2023-10-01,0.041206671711152366,0.9598214285714286,Продовольствие
2344,2024-10-01,0.04118880190371042,0.972718253968254,Продовольствие
2348,2024-09-01,0.041167956306631406,0.9692460317460317,Продовольствие
1724,2024-01-01,0.04115988573735258,0.9563492063492064,Продовольствие
1984,2024-04-01,0.04115829526041087,0.9747023809523809,Продовольствие
859,2024-10-01,0.04114791245069617,0.9722222222222222,Маркетплейсы
339,2024-07-01,0.04114150215520024,0.972718253968254,Продовольствие
2245,2023-05-01,0.04113016901800736,0.9747023809523809,Продовольствие
907,2023-08-01,0.04108558049370019,0.9692460317460317,Продовольствие
1014,2024-09-01,0.04108263727798492,0.96875,Маркетплейсы
288,2024-10-01,0.04107160276895885,0.9712301587301587,Продовольствие
1122,2023-07-01,0.041064583469556055,0.9677579365079365,Продовольствие
1925,2023-12-01,0.0410534798699008,0.9662698412698413,Продовольствие
2100,2023-08-01,0.041027213330342815,0.96875,Маркетплейсы
1053,2023-07-01,0.04098793404154131,0.9672619047619048,Продовольствие
306,2024-11-01,0.040984316506689177,0.9563492063492064,Маркетплейсы
616,2023-07-01,0.040976057922450196,0.966765873015873,Продовольствие
2057,2023-08-01,0.04097434886626543,0.9682539682539683,Продовольствие
1297,2024-03-01,0.040947616410244074,0.9821428571428571,Продовольствие
1737,2023-04-01,0.04094531950559005,0.9717261904761905,Продовольствие
185,2024-03-01,0.04093810825004767,0.9816468253968254,Продовольствие
1159,2024-04-01,0.04093759052129704,0.9742063492063492,Транспорт
1064,2023-10-01,0.040912846556294596,0.9593253968253969,Маркетплейсы
1067,2024-11-01,0.040896291420644014,0.9558531746031746,Маркетплейсы
855,2024-02-01,0.04086835457032971,0.9747023809523809,Продовольствие
1781,2024-01-01,0.040856750293078774,0.9558531746031746,Продовольствие
1640,2024-02-01,0.04085556261206775,0.9742063492063492,Продовольствие
556,2023-06-01,0.04084866801457817,0.9627976190476191,Продовольствие
857,2023-12-01,0.04084454999921616,0.9652777777777778,Продовольствие
1728,2024-03-01,0.04084436520896162,0.9811507936507936,Маркетплейсы
15,2024-01-01,0.04083604151463547,0.9553571428571429,Продовольствие
2268,2023-09-01,0.04083472389061201,0.9632936507936508,Продовольствие
884,2024-09-01,0.04083281080978171,0.9682539682539683,Продовольствие
2145,2023-11-01,0.040826205351035066,0.964781746031746,Маркетплейсы
314,2023-11-01,0.04081965598681942,0.9642857142857143,Продовольствие
2208,2023-11-01,0.0407710188513224,0.9637896825396826,Маркетплейсы
2065,2024-09-01,0.04077084410643066,0.9677579365079365,Маркетплейсы
708,2023-10-01,0.04074865848640403,0.9588293650793651,Продовольствие
770,2024-11-01,0.04074609850321201,0.9553571428571429,Продовольствие
11,2023-12-01,0.04073719591494648,0.964781746031746,Продовольствие
889,2023-05-01,0.04070128345008475,0.9742063492063492,Продовольствие
1128,2024-07-01,0.040640001064986955,0.9712301587301587,Маркетплейсы
854,2024-11-01,0.040635020270241476,0.9548611111111112,Продовольствие
1596,2023-12-01,0.04063401937756198,0.9642857142857143,Продовольствие
1651,2023-11-01,0.04057275476367172,0.9632936507936508,Продовольствие
2058,2023-12-01,0.04056871762984404,0.9632936507936508,Продовольствие
319,2024-01-01,0.04056571085842245,0.9543650793650794,Продовольствие
339,2024-06-01,0.0405611542496206,0.9717261904761905,Продовольствие
1590,2023-05-01,0.040559727208104274,0.9737103174603174,Маркетплейсы
2210,2023-04-01,0.04053216411991982,0.9712301587301587,Продовольствие
2136,2024-01-01,0.04052355925570531,0.9538690476190477,Маркетплейсы
503,2024-06-01,0.04052347611704475,0.9712301587301587,Продовольствие
2879,2023-06-01,0.04051769786194136,0.9623015873015873,Продовольствие
614,2024-02-01,0.04051063544645658,0.9737103174603174,Продовольствие
1925,2023-11-01,0.04048435006715329,0.9623015873015873,Продовольствие
1849,2023-10-01,0.040472713790852904,0.9583333333333334,Продовольствие
1311,2024-01-01,0.04047217136555461,0.9533730158730159,Маркетплейсы
1975,2024-01-01,0.04046564257306639,0.9528769841269841,Маркетплейсы
332,2024-06-01,0.040465007836378,0.970734126984127,Продовольствие
325,2023-06-01,0.040459437777569,0.9618055555555556,Продовольствие
1662,2023-08-01,0.040458986096444445,0.9677579365079365,Общественное питание
1152,2024-09-01,0.0404416238409362,0.966765873015873,Продовольствие
1171,2023-08-01,0.04041503230469964,0.9672619047619048,Продовольствие
324,2024-10-01,0.04041436033827567,0.970734126984127,Продовольствие
2223,2023-10-01,0.0403871728090996,0.9578373015873016,Продовольствие
386,2024-04-01,0.040351976369359756,0.972718253968254,Продовольствие
398,2023-06-01,0.040347820394979826,0.9613095238095238,Продовольствие
68,2024-05-01,0.04031867069196516,0.972718253968254,Продовольствие
2091,2024-11-01,0.04030406064833088,0.9543650793650794,Продовольствие
1891,2023-12-01,0.04029599193359768,0.9623015873015873,Маркетплейсы
331,2023-11-01,0.040294765037788415,0.9618055555555556,Маркетплейсы
1312,2023-05-01,0.040277144407464834,0.9732142857142857,Маркетплейсы
2055,2023-10-01,0.04026030680750402,0.9573412698412699,Продовольствие
428,2023-08-01,0.04026006150861384,0.966765873015873,Продовольствие
70,2024-08-01,0.040256717117253656,0.9776785714285714,Маркетплейсы
320,2024-10-01,0.040243965490580146,0.9702380952380952,Продовольствие
401,2024-11-01,0.04022602758375213,0.9538690476190477,Продовольствие
1702,2023-06-01,0.0402192935394758,0.9603174603174603,Продовольствие
225,2023-05-01,0.04021793592876084,0.972718253968254,Продовольствие
1483,2024-01-01,0.0402168168896223,0.9523809523809523,Продовольствие
1351,2024-08-01,0.04021522574000097,0.9771825396825397,Продовольствие
335,2024-01-01,0.040205379649894346,0.9518849206349206,Продовольствие
1121,2024-05-01,0.040203380977753576,0.9722222222222222,Маркетплейсы
209,2023-04-01,0.04020311201265501,0.9702380952380952,Продовольствие
321,2023-08-01,0.040202572453224776,0.9662698412698413,Продовольствие
615,2024-02-01,0.040199732687758824,0.9732142857142857,Продовольствие
2054,2024-08-01,0.04019716871395861,0.9766865079365079,Продовольствие
196,2024-06-01,0.040179983996371224,0.9702380952380952,Маркетплейсы
1640,2023-11-01,0.04015869771862681,0.9603174603174603,Продовольствие
1902,2024-08-01,0.04015030634172062,0.9761904761904762,Продовольствие
376,2024-04-01,0.04014408214051868,0.9722222222222222,Продовольствие
2242,2023-05-01,0.04013038140727925,0.9722222222222222,Продовольствие
348,2023-11-01,0.040115741108143414,0.9598214285714286,Маркетплейсы
1923,2023-04-01,0.04011362627294519,0.9697420634920635,Маркетплейсы
2116,2024-02-01,0.040107564726207544,0.972718253968254,Продовольствие
1067,2023-07-01,0.04009929301808055,0.9662698412698413,Продовольствие
1898,2023-04-01,0.04009522981126035,0.9692460317460317,Продовольствие
1850,2024-08-01,0.04007849893923122,0.9756944444444444,Маркетплейсы
297,2023-08-01,0.04007189022507416,0.9657738095238095,Продовольствие
333,2024-10-01,0.040065173028623516,0.9692460317460317,Продовольствие
1750,2023-07-01,0.04003082860884336,0.9657738095238095,Продовольствие
2344,2024-06-01,0.040020065690815856,0.9692460317460317,Продовольствие
1958,2024-10-01,0.04000675942318052,0.96875,Продовольствие
808,2023-10-01,0.04000519728301755,0.9568452380952381,Продовольствие
5,2024-09-01,0.0400034064906203,0.9657738095238095,Продовольствие
1850,2023-06-01,0.04000023201927093,0.9593253968253969,Продовольствие
18,2024-02-01,0.039984183826135576,0.9722222222222222,Продовольствие
2145,2023-12-01,0.03998070520214076,0.9613095238095238,Продовольствие
1768,2024-06-01,0.03997546756745478,0.96875,Продовольствие
1760,2024-03-01,0.0399723780704923,0.9806547619047619,Продовольствие
2265,2024-01-01,0.03995882931302147,0.9513888888888888,Маркетплейсы
1128,2024-04-01,0.039949316842324646,0.9717261904761905,Продовольствие
1416,2023-12-01,0.03993508412708923,0.9608134920634921,Продовольствие
1584,2023-09-01,0.039933799278668025,0.9627976190476191,Маркетплейсы
1208,2023-09-01,0.03993035262129344,0.9623015873015873,Маркетплейсы
771,2023-09-01,0.039899827468879205,0.9618055555555556,Продовольствие
2334,2023-11-01,0.03989593876519897,0.9593253968253969,Продовольствие
185,2023-09-01,0.039890477356956826,0.9608134920634921,Продовольствие
1319,2024-08-01,0.039889723644941595,0.9751984126984127,Продовольствие
1295,2024-02-01,0.03988365265264581,0.9717261904761905,Продовольствие
367,2024-11-01,0.03987880661655136,0.9533730158730159,Продовольствие
1781,2024-07-01,0.039875763451051004,0.970734126984127,Маркетплейсы
544,2023-08-01,0.03987156127452707,0.9652777777777778,Продовольствие
568,2024-01-01,0.03986951627516183,0.9508928571428571,Маркетплейсы
2238,2024-09-01,0.03986323916234212,0.964781746031746,Продовольствие
243,2024-04-01,0.03985559056906629,0.9712301587301587,Маркетплейсы
1118,2024-08-01,0.03984413346630832,0.9747023809523809,Продовольствие
82,2024-06-01,0.03984022034703679,0.9682539682539683,Продовольствие
1918,2023-04-01,0.0398375795515784,0.96875,Продовольствие
1425,2024-07-01,0.03982714089799551,0.9702380952380952,Продовольствие
1942,2023-08-01,0.03981319943319635,0.964781746031746,Продовольствие
1118,2023-05-01,0.03980707087378971,0.9717261904761905,Продовольствие
1715,2023-07-01,0.039799650715632164,0.9652777777777778,Продовольствие
1122,2023-04-01,0.03979498633376268,0.9682539682539683,Продовольствие
2091,2023-09-01,0.03978801111210207,0.9603174603174603,Продовольствие
614,2023-08-01,0.039770961386319574,0.9642857142857143,Продовольствие
2143,2024-01-01,0.03977032617211051,0.9503968253968254,Продовольствие
2055,2024-02-01,0.03976727353547614,0.9712301587301587,Продовольствие
372,2023-05-01,0.03975056687446905,0.9712301587301587,Продовольствие
544,2024-10-01,0.039738825713528256,0.9682539682539683,Продовольствие
188,2023-08-01,0.039733649838222224,0.9637896825396826,Продовольствие
1749,2023-04-01,0.03972729247669818,0.9677579365079365,Продовольствие
1617,2023-05-01,0.03970817048825812,0.970734126984127,Продовольствие
288,2024-05-01,0.039707397920028774,0.9717261904761905,Маркетплейсы
1871,2024-02-01,0.03969615351032631,0.970734126984127,Маркетплейсы
1849,2024-01-01,0.03968216869416215,0.9499007936507936,Маркетплейсы
2879,2023-10-01,0.03968101518971914,0.9558531746031746,Продовольствие
1760,2024-08-01,0.039677725704062874,0.9742063492063492,Продовольствие
410,2023-08-01,0.03966859070145856,0.9632936507936508,Продовольствие
2323,2023-09-01,0.039654311585976,0.9598214285714286,Продовольствие
523,2023-12-01,0.03964006445126829,0.9603174603174603,Продовольствие
20,2024-08-01,0.03959792148375896,0.9737103174603174,Продовольствие
13,2024-05-01,0.03958416347801615,0.9712301587301587,Продовольствие
329,2023-08-01,0.039577990162662516,0.9627976190476191,Продовольствие
15,2024-02-01,0.03956006213735262,0.9702380952380952,Продовольствие
721,2023-12-01,0.03954279411309556,0.9598214285714286,Маркетплейсы
72,2023-06-01,0.03953210262063783,0.9588293650793651,Продовольствие
2129,2023-06-01,0.03952618094745277,0.9583333333333334,Продовольствие
210,2024-01-01,0.03950770020935037,0.9489087301587301,Маркетплейсы
2348,2024-07-01,0.039500324511435723,0.96875,Продовольствие
720,2023-07-01,0.03948994956469697,0.964781746031746,Продовольствие
1339,2024-08-01,0.03948766816340216,0.972718253968254,Маркетплейсы
1851,2023-04-01,0.039477462290012755,0.966765873015873,Маркетплейсы
1733,2023-10-01,0.03944566341777349,0.9553571428571429,Продовольствие
2054,2023-07-01,0.03944142296153192,0.9642857142857143,Продовольствие
1584,2024-11-01,0.03943806694995095,0.9523809523809523,Маркетплейсы
1686,2024-10-01,0.039433943254774714,0.9677579365079365,Маркетплейсы
916,2024-09-01,0.039432614768594214,0.9637896825396826,Продовольствие
408,2023-11-01,0.03942572015749003,0.9588293650793651,Маркетплейсы
905,2024-05-01,0.03941445110590758,0.970734126984127,Продовольствие
852,2023-04-01,0.03941233900540528,0.9662698412698413,Продовольствие
2127,2024-03-01,0.03941093773614921,0.9801587301587301,Маркетплейсы
1680,2023-10-01,0.03940837690749594,0.9548611111111112,Продовольствие
1295,2024-01-01,0.03940174676122136,0.9484126984126984,Продовольствие
1768,2023-08-01,0.03935753053537628,0.9618055555555556,Продовольствие
484,2024-08-01,0.039279828506189385,0.9722222222222222,Маркетплейсы
297,2024-11-01,0.039276542781817185,0.9513888888888888,Маркетплейсы
1124,2023-09-01,0.039273234691717555,0.9593253968253969,Продовольствие
306,2023-06-01,0.039271353172053394,0.9578373015873016,Маркетплейсы
281,2024-11-01,0.03927018432863254,0.9508928571428571,Продовольствие
292,2023-08-01,0.03923161786731258,0.9613095238095238,Маркетплейсы
708,2023-09-01,0.03922876846166562,0.9588293650793651,Продовольствие
2880,2023-06-01,0.039228280631895526,0.9573412698412699,Продовольствие
1634,2023-11-01,0.039224231928144004,0.9583333333333334,Продовольствие
618,2024-06-01,0.03919810304379332,0.9677579365079365,Продовольствие
340,2023-05-01,0.0391746570638444,0.9697420634920635,Продовольствие
907,2024-07-01,0.03914647073927485,0.9677579365079365,Продовольствие
2535,2023-04-01,0.03914146324955515,0.9657738095238095,Продовольствие
1650,2024-11-01,0.039137843119482436,0.9503968253968254,Продовольствие
1718,2023-05-01,0.039111220514669066,0.96875,Продовольствие
2157,2024-02-01,0.03910093509194931,0.9692460317460317,Маркетплейсы
687,2024-04-01,0.03909417039906794,0.970734126984127,Маркетплейсы
332,2024-10-01,0.039062300170770115,0.966765873015873,Продовольствие
1129,2024-07-01,0.039061512901887134,0.966765873015873,Маркетплейсы
219,2023-10-01,0.039049009218961005,0.9543650793650794,Маркетплейсы
306,2024-06-01,0.03904615049306667,0.9672619047619048,Продовольствие
720,2024-09-01,0.039031403052473025,0.9632936507936508,Продовольствие
2230,2024-01-01,0.03902395664636735,0.9479166666666666,Маркетплейсы
1959,2024-05-01,0.039017537659561875,0.9697420634920635,Продовольствие
281,2023-05-01,0.03901717983832929,0.9682539682539683,Продовольствие
1330,2023-09-01,0.039007903739209385,0.9578373015873016,Продовольствие
1858,2024-06-01,0.039005221703516404,0.966765873015873,Маркетплейсы
320,2023-11-01,0.03900459495583747,0.9578373015873016,Маркетплейсы
2272,2023-11-01,0.038999212604239726,0.9573412698412699,Продовольствие
2031,2024-01-01,0.03898722810680287,0.9474206349206349,Продовольствие
393,2024-06-01,0.03898155787604425,0.9662698412698413,Продовольствие
334,2024-02-01,0.03896665465547551,0.96875,Продовольствие
82,2023-10-01,0.038961080873776775,0.9538690476190477,Маркетплейсы
1722,2024-08-01,0.038959789969656856,0.9712301587301587,Продовольствие
2880,2024-06-01,0.03895709060972216,0.9657738095238095,Продовольствие
2058,2024-06-01,0.03895198481263288,0.9652777777777778,Продовольствие
16,2023-10-01,0.03891743246004833,0.9533730158730159,Продовольствие
332,2023-10-01,0.03890846840479677,0.9528769841269841,Продовольствие
1718,2023-10-01,0.038907193996172665,0.9523809523809523,Продовольствие
1950,2024-01-01,0.038862989589146246,0.9469246031746031,Продовольствие
1596,2024-10-01,0.03886212874402419,0.9662698412698413,Маркетплейсы
1171,2023-09-01,0.03883928645223978,0.9573412698412699,Продовольствие
349,2023-04-01,0.03881521712783751,0.9652777777777778,Маркетплейсы
408,2023-07-01,0.03880525085333674,0.9632936507936508,Продовольствие
1412,2024-01-01,0.0388030589844426,0.9464285714285714,Продовольствие
188,2024-03-01,0.0387895075394307,0.9796626984126984,Маркетплейсы
2116,2024-11-01,0.03878798505044137,0.9499007936507936,Маркетплейсы
556,2024-05-01,0.03877010755607333,0.9692460317460317,Продовольствие
602,2023-08-01,0.03876993973306532,0.9603174603174603,Продовольствие
292,2023-11-01,0.038746365382423084,0.9563492063492064,Продовольствие
413,2024-09-01,0.038739379249622896,0.9627976190476191,Маркетплейсы
2078,2024-07-01,0.03873232735766675,0.9662698412698413,Продовольствие
1267,2023-08-01,0.038729313651301535,0.9598214285714286,Продовольствие
2268,2023-05-01,0.03871219534871522,0.9677579365079365,Продовольствие
1060,2023-06-01,0.03870788160874965,0.9568452380952381,Маркетплейсы
2305,2024-05-01,0.038691302681242226,0.96875,Маркетплейсы
2145,2023-09-01,0.03865012074573932,0.9568452380952381,Маркетплейсы
288,2024-06-01,0.03864517877791492,0.964781746031746,Продовольствие
2316,2024-06-01,0.03863442779284387,0.9642857142857143,Продовольствие
1746,2024-09-01,0.038632865528724615,0.9623015873015873,Транспорт
1431,2023-10-01,0.03863185226008659,0.9513888888888888,Продовольствие
1152,2024-03-01,0.03862842998028049,0.9786706349206349,Транспорт
349,2023-08-01,0.03862635694538311,0.9593253968253969,Маркетплейсы
2079,2024-04-01,0.03862349837426368,0.9702380952380952,Продовольствие
1590,2023-09-01,0.03857630722515367,0.9563492063492064,Маркетплейсы
2344,2023-11-01,0.03857413552494953,0.9553571428571429,Продовольствие
2314,2024-04-01,0.03856901736395154,0.9697420634920635,Маркетплейсы
718,2024-06-01,0.038553543431535144,0.9637896825396826,Продовольствие
1860,2023-11-01,0.038531082182146896,0.9548611111111112,Продовольствие
2185,2024-02-01,0.03853006609199325,0.9677579365079365,Маркетплейсы
13,2023-12-01,0.038520438742292676,0.9583333333333334,Маркетплейсы
1152,2024-02-01,0.03851812293401639,0.9672619047619048,Продовольствие
616,2023-06-01,0.03850603732501457,0.9553571428571429,Продовольствие
2321,2023-11-01,0.03849883814536994,0.9543650793650794,Маркетплейсы
1208,2023-06-01,0.0384986492884314,0.9548611111111112,Продовольствие
340,2024-04-01,0.038479648778017864,0.96875,Продовольствие
1571,2023-10-01,0.03846902716385855,0.9508928571428571,Продовольствие
35,2023-12-01,0.03846405929892266,0.9578373015873016,Продовольствие
1066,2024-08-01,0.03845327658603814,0.9702380952380952,Продовольствие
230,2023-06-01,0.03844274322165343,0.9543650793650794,Продовольствие
1170,2024-02-01,0.03841951020920829,0.966765873015873,Продовольствие
402,2024-06-01,0.0384150056621006,0.9632936507936508,Продовольствие
490,2023-12-01,0.038407971152697,0.9573412698412699,Продовольствие
2348,2024-08-01,0.03839452240141085,0.9697420634920635,Продовольствие
1732,2024-03-01,0.03838190226602848,0.9776785714285714,Продовольствие
2269,2024-08-01,0.03837756520624209,0.96875,Продовольствие
1171,2024-06-01,0.03837094829740726,0.9627976190476191,Продовольствие
1907,2024-06-01,0.03836837807206665,0.9623015873015873,Продовольствие
1717,2024-04-01,0.0383638633699742,0.9682539682539683,Маркетплейсы
1686,2024-02-01,0.03836273491447808,0.9662698412698413,Продовольствие
1590,2023-06-01,0.038356512287106716,0.9538690476190477,Маркетплейсы
2265,2024-07-01,0.03835487855553799,0.9657738095238095,Продовольствие
323,2023-11-01,0.038349906965007674,0.9533730158730159,Продовольствие
337,2024-05-01,0.038349809042958226,0.9682539682539683,Маркетплейсы
335,2023-05-01,0.038331929070860804,0.9672619047619048,Продовольствие
503,2023-07-01,0.03832449086991099,0.9623015873015873,Продовольствие
225,2024-05-01,0.03831956181673775,0.9677579365079365,Продовольствие
1588,2024-05-01,0.03830333586447361,0.9672619047619048,Маркетплейсы
678,2023-06-01,0.03829927264574713,0.9533730158730159,Продовольствие
1878,2024-04-01,0.03829379900394586,0.9677579365079365,Продовольствие
855,2023-09-01,0.03828727369503689,0.9558531746031746,Продовольствие
191,2023-04-01,0.03827667904876087,0.9637896825396826,Продовольствие
1850,2023-11-01,0.038274793189395515,0.9528769841269841,Маркетплейсы
347,2024-04-01,0.0382642187289378,0.9672619047619048,Продовольствие
1324,2023-05-01,0.03826013440242926,0.966765873015873,Продовольствие
891,2024-05-01,0.03825772180108745,0.966765873015873,Продовольствие
349,2023-11-01,0.038229864109674966,0.9523809523809523,Здоровье
1412,2024-08-01,0.03822178378732979,0.9682539682539683,Продовольствие
1743,2023-10-01,0.03821659377112557,0.9503968253968254,Продовольствие
377,2024-02-01,0.038205508776504256,0.9657738095238095,Продовольствие
1858,2024-08-01,0.03818703938581032,0.9677579365079365,Маркетплейсы
346,2023-04-01,0.038173529755767585,0.9632936507936508,Продовольствие
2176,2023-04-01,0.0381580340731214,0.9627976190476191,Продовольствие
618,2024-04-01,0.03814933424027914,0.966765873015873,Продовольствие
788,2023-05-01,0.03814212818318476,0.9657738095238095,Продовольствие
2148,2024-02-01,0.03813065140026217,0.9652777777777778,Продовольствие
1171,2023-11-01,0.03812920224683241,0.9518849206349206,Продовольствие
82,2023-11-01,0.038108960565986255,0.9513888888888888,Маркетплейсы
2348,2023-09-01,0.038102812810940655,0.9553571428571429,Продовольствие
1732,2024-05-01,0.03809520019281159,0.9662698412698413,Маркетплейсы
339,2023-07-01,0.0380863195112339,0.9618055555555556,Продовольствие
82,2023-08-01,0.038085852445366324,0.9588293650793651,Продовольствие
457,2024-04-01,0.03808429740222871,0.9662698412698413,Продовольствие
408,2024-11-01,0.0380790757215003,0.9494047619047619,Маркетплейсы
2254,2023-06-01,0.03807384675895049,0.9523809523809523,Маркетплейсы
2127,2023-11-01,0.03807218436823704,0.9508928571428571,Маркетплейсы
1322,2023-10-01,0.03805060170430071,0.9499007936507936,Здоровье
541,2024-09-01,0.0380471698359531,0.9613095238095238,Продовольствие
879,2024-02-01,0.03804573578920339,0.964781746031746,Продовольствие
835,2024-04-01,0.03804270603728749,0.9657738095238095,Маркетплейсы
326,2023-11-01,0.03804207440435558,0.9503968253968254,Продовольствие
1956,2024-01-01,0.03803086895627726,0.9439484126984127,Продовольствие
1590,2024-10-01,0.038027605099593687,0.964781746031746,Маркетплейсы
1864,2023-08-01,0.038021045114925635,0.9583333333333334,Продовольствие
365,2024-01-01,0.0380200924643962,0.9434523809523809,Продовольствие
854,2024-08-01,0.038016550369243826,0.9672619047619048,Продовольствие
1326,2024-02-01,0.038013292916377325,0.9642857142857143,Продовольствие
2265,2024-03-01,0.03800918216146978,0.9771825396825397,Маркетплейсы
1060,2023-10-01,0.03800129803857091,0.9494047619047619,Продовольствие
1288,2024-09-01,0.037995367693004246,0.9608134920634921,Продовольствие
329,2023-12-01,0.037962775783909095,0.9563492063492064,Продовольствие
1871,2024-07-01,0.03796143636971385,0.964781746031746,Продовольствие
416,2023-09-01,0.0379556949397151,0.9548611111111112,Маркетплейсы
2088,2023-04-01,0.037955406431724605,0.9623015873015873,Продовольствие
52,2023-06-01,0.03795230814670351,0.9518849206349206,Продовольствие
848,2024-01-01,0.037952198243436895,0.9424603174603174,Маркетплейсы
348,2024-02-01,0.03795029377886371,0.9637896825396826,Продовольствие
595,2023-09-01,0.03794942780056851,0.9538690476190477,Продовольствие
395,2023-09-01,0.03794931735364561,0.9533730158730159,Продовольствие
1945,2023-11-01,0.03794883020900454,0.9499007936507936,Продовольствие
1193,2024-10-01,0.03793811481530909,0.9642857142857143,Продовольствие
2241,2024-09-01,0.03793253764033364,0.9603174603174603,Продовольствие
11,2023-08-01,0.03791510400185897,0.9578373015873016,Продовольствие
1730,2024-06-01,0.03790954596310999,0.9618055555555556,Маркетплейсы
1871,2024-03-01,0.03789796261568764,0.9766865079365079,Продовольствие
2882,2023-09-01,0.03789327641912252,0.9528769841269841,Продовольствие
792,2023-09-01,0.03788974809905732,0.9523809523809523,Продовольствие
343,2024-05-01,0.03788070669584977,0.9657738095238095,Маркетплейсы
1349,2024-11-01,0.037874031065626076,0.9489087301587301,Продовольствие
1754,2023-08-01,0.0378717672991763,0.9573412698412699,Продовольствие
1744,2023-08-01,0.037866678728558145,0.9568452380952381,Продовольствие
2879,2024-10-01,0.03781375234060129,0.9637896825396826,Продовольствие
1870,2023-12-01,0.03780490392822163,0.9558531746031746,Продовольствие
1277,2023-05-01,0.03780047041390905,0.9637896825396826,Продовольствие
1970,2024-05-01,0.037797098553614385,0.9652777777777778,Продовольствие
402,2023-07-01,0.03776563877425009,0.9613095238095238,Маркетплейсы
346,2023-08-01,0.03776465907283199,0.9563492063492064,Продовольствие
68,2024-06-01,0.03776198171193174,0.9613095238095238,Продовольствие
1240,2024-01-01,0.0377499711848645,0.941468253968254,Маркетплейсы
917,2024-09-01,0.037743935977919064,0.9598214285714286,Продовольствие
2598,2024-06-01,0.0377383603805367,0.9608134920634921,Маркетплейсы
395,2023-12-01,0.0377320828615111,0.9553571428571429,Продовольствие
583,2024-04-01,0.037727605964038395,0.9652777777777778,Маркетплейсы
2443,2023-04-01,0.037725366096833,0.9618055555555556,Продовольствие
1014,2024-10-01,0.03771663448443746,0.9632936507936508,Маркетплейсы
326,2023-06-01,0.03768990701201026,0.9508928571428571,Продовольствие
1771,2023-10-01,0.03764974205911571,0.9484126984126984,Продовольствие
317,2023-05-01,0.03763881539732445,0.9627976190476191,Продовольствие
1935,2024-03-01,0.03763656274724411,0.9761904761904762,Продовольствие
342,2023-12-01,0.03763221848891576,0.9548611111111112,Продовольствие
1585,2024-04-01,0.037631034961675525,0.964781746031746,Продовольствие
1066,2024-05-01,0.03762663230404253,0.964781746031746,Продовольствие
1288,2024-10-01,0.03761605716378409,0.9627976190476191,Маркетплейсы
403,2024-05-01,0.03761602482909078,0.9642857142857143,Маркетплейсы
2241,2023-09-01,0.0376139148002143,0.9508928571428571,Продовольствие
534,2024-10-01,0.03761274764208778,0.9623015873015873,Продовольствие
916,2023-09-01,0.037601834295015714,0.9503968253968254,Продовольствие
2307,2023-04-01,0.03758727624792839,0.9613095238095238,Продовольствие
742,2023-11-01,0.0375734179432722,0.9494047619047619,Продовольствие
1969,2023-09-01,0.03756829944909403,0.9499007936507936,Продовольствие
1201,2023-07-01,0.037527533417376434,0.9608134920634921,Продовольствие
797,2024-08-01,0.037521372054653584,0.9657738095238095,Маркетплейсы
493,2023-05-01,0.03750516947020977,0.9623015873015873,Продовольствие
1326,2024-10-01,0.037483037281411814,0.9618055555555556,Продовольствие
281,2023-10-01,0.03747946014223157,0.9479166666666666,Продовольствие
1305,2024-11-01,0.0374539249364346,0.9474206349206349,Продовольствие
2091,2023-04-01,0.03742953078748062,0.9608134920634921,Продовольствие
519,2024-01-01,0.03742225911514075,0.9404761904761905,Маркетплейсы
2882,2023-06-01,0.03741828145288751,0.9499007936507936,Продовольствие
2330,2023-12-01,0.037409955676925205,0.9543650793650794,Маркетплейсы
337,2023-06-01,0.03740905862857696,0.9494047619047619,Продовольствие
2200,2024-05-01,0.037408352597392766,0.9627976190476191,Продовольствие
2079,2023-05-01,0.037407824864758,0.9618055555555556,Маркетплейсы
1757,2023-04-01,0.037399265363418734,0.9603174603174603,Продовольствие
2249,2024-01-01,0.037385933281577195,0.9399801587301587,Продовольствие
2334,2023-12-01,0.03738325650711132,0.9538690476190477,Маркетплейсы
1685,2023-07-01,0.037368965267952005,0.9603174603174603,Продовольствие
2043,2024-03-01,0.03735658381934523,0.9756944444444444,Маркетплейсы
1754,2023-10-01,0.037353301184757645,0.9474206349206349,Продовольствие
440,2024-04-01,0.03734431720183933,0.9642857142857143,Продовольствие
22,2024-06-01,0.037327175608206135,0.9598214285714286,Продовольствие
550,2023-05-01,0.03731565129052794,0.9613095238095238,Продовольствие
496,2024-10-01,0.03728238563041718,0.9608134920634921,Продовольствие
1744,2024-10-01,0.03727298174720997,0.9603174603174603,Маркетплейсы
282,2024-10-01,0.037253333638091,0.9598214285714286,Продовольствие
880,2024-01-01,0.037237336558523376,0.939484126984127,Продовольствие
1276,2024-10-01,0.03723453180753181,0.9593253968253969,Маркетплейсы
1741,2023-11-01,0.037234531292965146,0.9489087301587301,Продовольствие
1908,2024-11-01,0.03721844702666514,0.9469246031746031,Продовольствие
2349,2023-04-01,0.037211066566014264,0.9598214285714286,Продовольствие
2079,2023-06-01,0.037197975316052914,0.9489087301587301,Продовольствие
790,2024-08-01,0.03717624528377162,0.9652777777777778,Продовольствие
1970,2024-04-01,0.03716658000805105,0.9632936507936508,Продовольствие
304,2024-03-01,0.03716593524286798,0.9751984126984127,Маркетплейсы
445,2023-05-01,0.03715000136982223,0.9603174603174603,Продовольствие
281,2024-10-01,0.0371376148885626,0.9583333333333334,Продовольствие
1269,2024-11-01,0.03713183149491114,0.9464285714285714,Продовольствие
2537,2023-04-01,0.037129920094190624,0.9593253968253969,Продовольствие
1152,2023-07-01,0.037125584973886544,0.9598214285714286,Продовольствие
2127,2023-09-01,0.037118328754066725,0.9489087301587301,Продовольствие
287,2024-09-01,0.03710346885576752,0.9588293650793651,Маркетплейсы
191,2024-08-01,0.03710302275695739,0.964781746031746,Продовольствие
615,2023-09-01,0.037097736338330606,0.9484126984126984,Продовольствие
386,2024-08-01,0.0370918709619925,0.9642857142857143,Маркетплейсы
188,2024-04-01,0.03707377903719625,0.9627976190476191,Маркетплейсы
492,2023-12-01,0.03706266595994024,0.9533730158730159,Здоровье
565,2024-01-01,0.03705808460069221,0.9384920634920635,Маркетплейсы
181,2024-06-01,0.03705487908469923,0.9593253968253969,Продовольствие
1746,2024-08-01,0.03705388406333417,0.9637896825396826,Маркетплейсы
923,2023-10-01,0.03704286806054509,0.9469246031746031,Маркетплейсы
601,2023-11-01,0.037032406751095114,0.9484126984126984,Продовольствие
2342,2023-12-01,0.03702583221844194,0.9528769841269841,Продовольствие
903,2024-06-01,0.03702236425748905,0.9588293650793651,Маркетплейсы
1741,2023-06-01,0.0370219223069015,0.9484126984126984,Маркетплейсы
365,2024-11-01,0.037008212622295346,0.9459325396825397,Продовольствие
1222,2023-11-01,0.03700108493955573,0.9479166666666666,Продовольствие
2065,2024-03-01,0.03698980353099419,0.9747023809523809,Маркетплейсы
2223,2023-09-01,0.036986868555401606,0.9479166666666666,Продовольствие
1891,2023-09-01,0.03698185548506404,0.9474206349206349,Продовольствие
445,2024-04-01,0.036981070539174286,0.9623015873015873,Продовольствие
1788,2024-11-01,0.036975497771807184,0.9454365079365079,Продовольствие
557,2023-11-01,0.03697463512482947,0.9474206349206349,Продовольствие
1633,2023-08-01,0.036972843943934366,0.9553571428571429,Продовольствие
2,2024-07-01,0.03697087399518869,0.9627976190476191,Продовольствие
372,2024-01-01,0.036966099951042,0.9379960317460317,Маркетплейсы
884,2023-10-01,0.0369578789000798,0.9464285714285714,Продовольствие
726,2023-06-01,0.036946121386284905,0.9479166666666666,Продовольствие
1129,2024-11-01,0.03693480325087204,0.9449404761904762,Продовольствие
779,2024-08-01,0.03692904906365975,0.9632936507936508,Продовольствие
342,2024-10-01,0.036894306303109865,0.9578373015873016,Продовольствие
316,2024-05-01,0.03689328503991347,0.9623015873015873,Продовольствие
1324,2024-04-01,0.03687895162898308,0.9618055555555556,Продовольствие
877,2023-12-01,0.03685340609126197,0.9518849206349206,Продовольствие
1579,2023-08-01,0.03684291138103157,0.9548611111111112,Продовольствие
2143,2023-05-01,0.03684063249204111,0.9598214285714286,Продовольствие
1760,2024-11-01,0.03682636781726601,0.9444444444444444,Маркетплейсы
191,2023-12-01,0.03682539019582168,0.9513888888888888,Продовольствие
1520,2023-09-01,0.03680796312203186,0.9469246031746031,Продовольствие
285,2024-07-01,0.03680622038452342,0.9623015873015873,Продовольствие
1954,2023-09-01,0.03679736436095883,0.9464285714285714,Продовольствие
52,2023-07-01,0.03679335422378791,0.9588293650793651,Продовольствие
18,2024-07-01,0.03679148443356878,0.9618055555555556,Продовольствие
321,2024-11-01,0.03678999694679638,0.9439484126984127,Маркетплейсы
773,2024-02-01,0.03677792655007746,0.9632936507936508,Продовольствие
2055,2024-11-01,0.03675744808994456,0.9434523809523809,Продовольствие
215,2024-05-01,0.03675397693311849,0.9613095238095238,Продовольствие
1178,2023-06-01,0.036753797650392064,0.9454365079365079,Здоровье
181,2023-04-01,0.03673884085280614,0.9578373015873016,Продовольствие
1194,2024-11-01,0.03672714356063788,0.9429563492063492,Маркетплейсы
1286,2024-10-01,0.03671166546937632,0.9573412698412699,Маркетплейсы
410,2024-09-01,0.03670930710961377,0.9583333333333334,Продовольствие
2145,2024-10-01,0.036706042865557446,0.9568452380952381,Маркетплейсы
445,2023-06-01,0.0366695969069138,0.9449404761904762,Маркетплейсы
1282,2023-11-01,0.03665082394311153,0.9464285714285714,Маркетплейсы
456,2024-02-01,0.03664178475266836,0.9623015873015873,Маркетплейсы
2371,2023-04-01,0.036639472272291175,0.9573412698412699,Продовольствие
58,2024-02-01,0.036626580133460276,0.9618055555555556,Продовольствие
195,2024-07-01,0.03662578357995916,0.9608134920634921,Продовольствие
2245,2024-09-01,0.036614098197238355,0.9578373015873016,Продовольствие
1771,2023-04-01,0.036604300210251295,0.9568452380952381,Продовольствие
798,2023-12-01,0.03659496301622964,0.9508928571428571,Продовольствие
1153,2023-12-01,0.03658190657812448,0.9503968253968254,Продовольствие
1921,2024-10-01,0.03656170965810284,0.9553571428571429,Маркетплейсы
1119,2024-01-01,0.0365523197710051,0.9375,Продовольствие
232,2024-08-01,0.03653707818228405,0.9627976190476191,Продовольствие
2237,2023-05-01,0.03653353574095541,0.9593253968253969,Маркетплейсы
1970,2024-09-01,0.03653035155145397,0.9573412698412699,Продовольствие
1164,2023-05-01,0.0365231055943469,0.9588293650793651,Продовольствие
1269,2024-02-01,0.036496898943598303,0.9608134920634921,Продовольствие
592,2024-04-01,0.03648509309729263,0.9598214285714286,Продовольствие
2088,2024-08-01,0.03647834589872371,0.9618055555555556,Продовольствие
2241,2023-06-01,0.03647269151331256,0.9444444444444444,Продовольствие
1712,2024-03-01,0.036472310116978435,0.9742063492063492,Маркетплейсы
1067,2024-09-01,0.036458136618405204,0.9563492063492064,Продовольствие
2408,2023-04-01,0.036455349707333516,0.9563492063492064,Продовольствие
2880,2024-10-01,0.03643732549597484,0.9548611111111112,Продовольствие
1282,2024-03-01,0.036421294739565804,0.9737103174603174,Продовольствие
1579,2024-09-01,0.036420147054246815,0.9558531746031746,Продовольствие
1299,2024-01-01,0.03641213585981615,0.9365079365079365,Продовольствие
2,2023-12-01,0.03640191794309159,0.9499007936507936,Продовольствие
1731,2024-04-01,0.03638869603746641,0.9593253968253969,Продовольствие
2088,2023-10-01,0.036385943515179056,0.9459325396825397,Продовольствие
1118,2023-04-01,0.036381439207998106,0.9558531746031746,Продовольствие
1681,2024-01-01,0.03637071130993752,0.9360119047619048,Продовольствие
1122,2023-05-01,0.03636946445249542,0.9583333333333334,Продовольствие
416,2024-11-01,0.03636630673729693,0.941468253968254,Маркетплейсы
1925,2024-07-01,0.036357891551752064,0.9603174603174603,Продовольствие
410,2024-04-01,0.03634773170173489,0.9588293650793651,Общественное питание
836,2023-12-01,0.036343905392950265,0.9494047619047619,Продовольствие
1702,2024-07-01,0.036340032813157085,0.9598214285714286,Продовольствие
557,2023-10-01,0.03631669093451697,0.9454365079365079,Продовольствие
2066,2024-01-01,0.036311304248040806,0.935515873015873,Маркетплейсы
520,2023-05-01,0.03629792655530362,0.9578373015873016,Продовольствие
1179,2024-04-01,0.03628951296758188,0.9583333333333334,Продовольствие
1217,2024-04-01,0.03628251435278615,0.9578373015873016,Маркетплейсы
484,2023-06-01,0.03627932581801735,0.9439484126984127,Продовольствие
494,2023-11-01,0.03627846169490773,0.9459325396825397,Продовольствие
494,2023-12-01,0.03627488951346688,0.9489087301587301,Продовольствие
898,2024-05-01,0.03624868709358312,0.9608134920634921,Продовольствие
718,2024-10-01,0.03624001314428031,0.9543650793650794,Продовольствие
742,2023-07-01,0.03623005578129538,0.9578373015873016,Продовольствие
405,2024-02-01,0.03622945373131112,0.9593253968253969,Продовольствие
335,2024-05-01,0.03622875150881654,0.9603174603174603,Продовольствие
2601,2023-04-01,0.036217771030978965,0.9553571428571429,Продовольствие
2100,2024-01-01,0.03620098675221296,0.9350198412698413,Продовольствие
917,2023-10-01,0.03619533960971815,0.9444444444444444,Продовольствие
433,2023-12-01,0.03618520974416441,0.9484126984126984,Маркетплейсы
2269,2024-10-01,0.03617847424246321,0.9538690476190477,Маркетплейсы
1891,2024-01-01,0.03615970551517647,0.9345238095238095,Продовольствие
2207,2024-07-01,0.03615889629671086,0.9588293650793651,Продовольствие
341,2023-12-01,0.03614946825277208,0.9479166666666666,Продовольствие
280,2023-12-01,0.03612563874390462,0.9474206349206349,Продовольствие
2142,2024-09-01,0.036124880872092986,0.9548611111111112,Маркетплейсы
1438,2023-12-01,0.036121621523336915,0.9469246031746031,Маркетплейсы
2265,2024-06-01,0.03611411113034987,0.9583333333333334,Маркетплейсы
396,2024-01-01,0.03610520377758999,0.933531746031746,Продовольствие
520,2023-10-01,0.03610239609843731,0.9434523809523809,Продовольствие
2091,2023-11-01,0.0361016908509741,0.9454365079365079,Маркетплейсы
542,2023-04-01,0.03607985786462212,0.9543650793650794,Продовольствие
1325,2023-10-01,0.03607561158899605,0.9424603174603174,Маркетплейсы
1290,2024-11-01,0.03606267309387538,0.9409722222222222,Продовольствие
1584,2023-08-01,0.036059917583159705,0.9538690476190477,Продовольствие
1309,2024-10-01,0.036049946554973844,0.9533730158730159,Продовольствие
2079,2023-04-01,0.03604770361250578,0.9538690476190477,Продовольствие
1309,2024-04-01,0.036044248416429656,0.9573412698412699,Маркетплейсы
1749,2023-07-01,0.03603888342766558,0.9563492063492064,Маркетплейсы
2098,2023-10-01,0.03603537079918084,0.9419642857142857,Маркетплейсы
226,2024-10-01,0.03602754252293192,0.9528769841269841,Продовольствие
2265,2024-08-01,0.036021958626055395,0.9603174603174603,Продовольствие
365,2023-08-01,0.03602156941702154,0.9533730158730159,Маркетплейсы
292,2023-10-01,0.036011159232111054,0.941468253968254,Продовольствие
2334,2023-10-01,0.03599625157335199,0.9409722222222222,Продовольствие
16,2024-08-01,0.035977447323583225,0.9598214285714286,Продовольствие
1678,2024-08-01,0.03597449778614234,0.9593253968253969,Маркетплейсы
792,2024-01-01,0.03595650079730898,0.9330357142857143,Маркетплейсы
1688,2024-10-01,0.0359507546701952,0.9523809523809523,Продовольствие
2882,2024-09-01,0.035946429905745765,0.9543650793650794,Продовольствие
1869,2023-10-01,0.03594504433973541,0.9404761904761905,Продовольствие
1059,2024-08-01,0.035936147406297185,0.9588293650793651,Продовольствие
1144,2024-01-01,0.03592439065641484,0.9325396825396826,Продовольствие
349,2023-05-01,0.03592295129440355,0.9568452380952381,Маркетплейсы
2234,2023-09-01,0.03592008691331877,0.9454365079365079,Продовольствие
1210,2023-07-01,0.03591980596625959,0.9553571428571429,Продовольствие
1438,2024-01-01,0.035915252541753866,0.9320436507936508,Маркетплейсы
2116,2024-05-01,0.03590416652453219,0.9598214285714286,Маркетплейсы
1851,2024-08-01,0.035893109893634305,0.9583333333333334,Продовольствие
1871,2023-07-01,0.03588776140335852,0.9548611111111112,Маркетплейсы
1644,2023-04-01,0.0358842937220805,0.9533730158730159,Продовольствие
761,2024-01-01,0.035871804846862566,0.9315476190476191,Маркетплейсы
18,2024-06-01,0.03585787766627769,0.9578373015873016,Продовольствие
2089,2023-09-01,0.03585074642239604,0.9449404761904762,Продовольствие
1788,2024-04-01,0.03584427896998999,0.9568452380952381,Продовольствие
1926,2024-03-01,0.035838498238599956,0.9732142857142857,Продовольствие
16,2023-09-01,0.035830125196560765,0.9444444444444444,Маркетплейсы
1642,2024-01-01,0.035829782842799786,0.9310515873015873,Продовольствие
1751,2023-08-01,0.03582564356661142,0.9523809523809523,Маркетплейсы
2054,2023-10-01,0.035816173526179024,0.9399801587301587,Продовольствие
503,2024-07-01,0.03580806364030783,0.9583333333333334,Маркетплейсы
922,2023-09-01,0.0358072720037971,0.9439484126984127,Продовольствие
19,2024-02-01,0.035805322167185405,0.9578373015873016,Продовольствие
565,2023-04-01,0.03579545501337468,0.9528769841269841,Продовольствие
343,2023-11-01,0.03579477695108984,0.9444444444444444,Маркетплейсы
17,2023-09-01,0.035790128279568414,0.9434523809523809,Продовольствие
18,2024-01-01,0.035785398927955646,0.9305555555555556,Продовольствие
1016,2023-08-01,0.03578247807896475,0.9518849206349206,Продовольствие
829,2023-04-01,0.03577900420993272,0.9523809523809523,Продовольствие
565,2024-04-01,0.035778064586298175,0.9563492063492064,Продовольствие
2100,2023-11-01,0.03577362012958114,0.9439484126984127,Маркетплейсы
1960,2024-08-01,0.03576920935841097,0.9573412698412699,Продовольствие
720,2024-06-01,0.03576226181688354,0.9573412698412699,Продовольствие
1960,2023-09-01,0.035759852497403266,0.9429563492063492,Продовольствие
365,2024-09-01,0.035755703955433406,0.9538690476190477,Продовольствие
2120,2024-05-01,0.03575462843418899,0.9593253968253969,Продовольствие
277,2024-09-01,0.035741101495867664,0.9533730158730159,Маркетплейсы
1353,2024-08-01,0.0357404668168496,0.9568452380952381,Маркетплейсы
1741,2024-04-01,0.035728162377295494,0.9558531746031746,Продовольствие
1122,2024-10-01,0.035722176589234586,0.9518849206349206,Маркетплейсы
2065,2023-11-01,0.035713339966027796,0.9434523809523809,Маркетплейсы
47,2024-07-01,0.03571045515203882,0.9578373015873016,Продовольствие
376,2023-08-01,0.03569517829102489,0.9513888888888888,Продовольствие
2217,2023-05-01,0.03569321308149561,0.9563492063492064,Продовольствие
1027,2024-09-01,0.035692084568617395,0.9528769841269841,Продовольствие
606,2024-02-01,0.03568929956887839,0.9573412698412699,Продовольствие
884,2024-01-01,0.03566229879794795,0.9295634920634921,Маркетплейсы
410,2024-02-01,0.03565947130586291,0.9568452380952381,Продовольствие
1732,2024-10-01,0.03565866589262185,0.9508928571428571,Маркетплейсы
889,2024-08-01,0.035653858829794466,0.9558531746031746,Продовольствие
1120,2024-07-01,0.03565326817561852,0.9573412698412699,Маркетплейсы
195,2023-07-01,0.03564191936767758,0.9543650793650794,Продовольствие
1622,2024-01-01,0.03564131127451222,0.9290674603174603,Маркетплейсы
275,2024-10-01,0.035637205889306,0.9503968253968254,Маркетплейсы
1254,2023-11-01,0.03562456242565608,0.9424603174603174,Продовольствие
694,2023-04-01,0.035623818064489075,0.9518849206349206,Продовольствие
1066,2024-06-01,0.03561552817956035,0.9568452380952381,Продовольствие
930,2023-09-01,0.035611510865566694,0.9424603174603174,Продовольствие
185,2024-01-01,0.03560362372474397,0.9285714285714286,Маркетплейсы
2456,2023-04-01,0.03558987422362655,0.9513888888888888,Продовольствие
1712,2024-05-01,0.035589213328554546,0.9588293650793651,Маркетплейсы
1350,2023-08-01,0.03558639973047388,0.9503968253968254,Продовольствие
349,2024-01-01,0.03558422941204318,0.9280753968253969,Продовольствие
314,2024-05-01,0.03557964193622094,0.9583333333333334,Продовольствие
1698,2024-08-01,0.03557303706226539,0.9553571428571429,Маркетплейсы
1210,2023-09-01,0.03557155601312049,0.9419642857142857,Продовольствие
1295,2023-12-01,0.03556149452446283,0.9454365079365079,Маркетплейсы
899,2023-04-01,0.035556729820550595,0.9508928571428571,Продовольствие
304,2024-09-01,0.03554737765462351,0.9518849206349206,Продовольствие
19,2023-11-01,0.035545459947737425,0.9419642857142857,Маркетплейсы
791,2024-01-01,0.03554214270409613,0.9275793650793651,Маркетплейсы
22,2023-06-01,0.03553957876692308,0.9429563492063492,Продовольствие
2344,2024-09-01,0.03552953481634752,0.9513888888888888,Продовольствие
745,2023-12-01,0.03552760430451572,0.9449404761904762,Продовольствие
1858,2023-09-01,0.03552061270218911,0.941468253968254,Продовольствие
13,2024-11-01,0.035510616949971,0.939484126984127,Продовольствие
1714,2024-03-01,0.035500482301354566,0.972718253968254,Продовольствие
1053,2023-09-01,0.03549255023217926,0.9409722222222222,Продовольствие
1282,2024-10-01,0.035491025797181754,0.9499007936507936,Маркетплейсы
2090,2023-10-01,0.03549087438723374,0.939484126984127,Маркетплейсы
1746,2024-04-01,0.03548167627735527,0.9553571428571429,Маркетплейсы
1852,2023-08-01,0.03548083781194268,0.9494047619047619,Продовольствие
423,2023-05-01,0.03547768096481174,0.9558531746031746,Продовольствие
491,2024-02-01,0.03547577823978748,0.9563492063492064,Маркетплейсы
2267,2024-09-01,0.03547290936543234,0.9503968253968254,Продовольствие
1871,2023-06-01,0.035469013865540834,0.9419642857142857,Продовольствие
226,2024-05-01,0.035468896199852884,0.9573412698412699,Продовольствие
2253,2024-05-01,0.03546101691534409,0.9568452380952381,Продовольствие
691,2024-03-01,0.03545984428398594,0.9722222222222222,Маркетплейсы
2586,2023-04-01,0.035454167908076005,0.9503968253968254,Продовольствие
1749,2024-10-01,0.03545386296961805,0.9494047619047619,Продовольствие
2606,2023-05-01,0.035432283714568816,0.9553571428571429,Продовольствие
558,2024-06-01,0.035428773863642,0.9563492063492064,Продовольствие
324,2023-04-01,0.035399473595205615,0.9494047619047619,Продовольствие
2171,2024-01-01,0.035392123720262514,0.9270833333333334,Маркетплейсы
2245,2023-10-01,0.03537988424121323,0.9389880952380952,Продовольствие
2148,2024-05-01,0.03537329557981735,0.9563492063492064,Маркетплейсы
1319,2024-06-01,0.035371943237087956,0.9558531746031746,Маркетплейсы
523,2024-04-01,0.0353687761687405,0.9543650793650794,Продовольствие
716,2024-10-01,0.035368293604191615,0.9489087301587301,Маркетплейсы
1520,2023-04-01,0.03535466669070604,0.9489087301587301,Продовольствие
2243,2023-09-01,0.03535391513740524,0.9404761904761905,Продовольствие
1020,2024-07-01,0.03535169191517212,0.9568452380952381,Продовольствие
592,2024-10-01,0.03534912555872959,0.9484126984126984,Продовольствие
343,2023-09-01,0.035348728163369716,0.9399801587301587,Продовольствие
2094,2024-05-01,0.03534224117044391,0.9558531746031746,Продовольствие
372,2024-05-01,0.035338567991683785,0.9553571428571429,Продовольствие
882,2023-10-01,0.03533403756940006,0.9384920634920635,Продовольствие
1277,2023-10-01,0.035322294931639124,0.9379960317460317,Продовольствие
492,2024-02-01,0.03532026909744053,0.9558531746031746,Продовольствие
2254,2023-09-01,0.035319006544643566,0.9389880952380952,Продовольствие
914,2023-05-01,0.035309022841182175,0.9548611111111112,Продовольствие
2224,2023-05-01,0.035305434955981964,0.9543650793650794,Продовольствие
34,2024-01-01,0.03530404693079922,0.9265873015873016,Продовольствие
1210,2023-10-01,0.035303928456326045,0.9375,Маркетплейсы
1322,2024-04-01,0.03530031127348579,0.9538690476190477,Маркетплейсы
1115,2023-11-01,0.03529471753952491,0.941468253968254,Продовольствие
436,2024-02-01,0.035286369576932236,0.9553571428571429,Продовольствие
1585,2024-09-01,0.03528543409859545,0.9499007936507936,Маркетплейсы
2872,2023-07-01,0.03528045445725012,0.9528769841269841,Продовольствие
487,2024-11-01,0.03527565771727042,0.9384920634920635,Продовольствие
408,2023-10-01,0.03526538522052709,0.9370039682539683,Продовольствие
1438,2023-09-01,0.03524239804013386,0.9384920634920635,Продовольствие
320,2023-12-01,0.03523689094226305,0.9444444444444444,Продовольствие
1273,2023-10-01,0.035229292563488855,0.9365079365079365,Продовольствие
2136,2024-09-01,0.035225374110415215,0.9494047619047619,Продовольствие
1935,2023-10-01,0.035224591997932125,0.9360119047619048,Маркетплейсы
2271,2024-11-01,0.035223657309981414,0.9379960317460317,Продовольствие
2349,2024-06-01,0.03522077281714599,0.9548611111111112,Маркетплейсы
1594,2024-07-01,0.035204678834347344,0.9563492063492064,Продовольствие
770,2024-02-01,0.03519583319435319,0.9548611111111112,Продовольствие
1154,2023-04-01,0.035191380984861485,0.9484126984126984,Маркетплейсы
22,2024-07-01,0.0351896319874162,0.9558531746031746,Продовольствие
859,2023-08-01,0.0351807253590073,0.9489087301587301,Продовольствие
403,2024-11-01,0.03517699876201099,0.9375,Продовольствие
1556,2023-07-01,0.03517049682600258,0.9523809523809523,Продовольствие
1309,2024-05-01,0.03516913686725466,0.9543650793650794,Маркетплейсы
2225,2024-09-01,0.035156783749857215,0.9489087301587301,Продовольствие
317,2024-03-01,0.03515364187508629,0.9717261904761905,Маркетплейсы
2242,2023-06-01,0.03515251648195117,0.941468253968254,Продовольствие
1768,2024-09-01,0.03515249641995295,0.9484126984126984,Продовольствие
1724,2023-11-01,0.03515161067000542,0.9409722222222222,Маркетплейсы
1622,2024-05-01,0.035148451384736615,0.9538690476190477,Продовольствие
317,2023-11-01,0.03513729340434497,0.9404761904761905,Маркетплейсы
564,2024-05-01,0.03513556125881935,0.9533730158730159,Продовольствие
340,2024-09-01,0.035116315702922674,0.9474206349206349,Продовольствие
1122,2023-10-01,0.03511125393999579,0.9345238095238095,Продовольствие
1015,2024-09-01,0.03510760309556636,0.9469246031746031,Продовольствие
334,2023-10-01,0.03510621812630461,0.9340277777777778,Продовольствие
1705,2024-08-01,0.035102374353816315,0.9538690476190477,Маркетплейсы
370,2023-09-01,0.03510171631105259,0.9379960317460317,Маркетплейсы
2332,2024-06-01,0.03508603415277165,0.9538690476190477,Продовольствие
2879,2023-09-01,0.03508028625583454,0.9370039682539683,Продовольствие
1210,2023-08-01,0.035076806639512535,0.9484126984126984,Продовольствие
521,2023-11-01,0.03507250421806507,0.9399801587301587,Продовольствие
1588,2024-02-01,0.0350711336715276,0.9543650793650794,Продовольствие
1044,2023-09-01,0.03505402419937701,0.9360119047619048,Маркетплейсы
859,2024-04-01,0.03505263590201435,0.9533730158730159,Маркетплейсы
615,2024-06-01,0.03504961108701259,0.9533730158730159,Продовольствие
1579,2024-06-01,0.035027773192041776,0.9528769841269841,Продовольствие
231,2024-01-01,0.03501658396051409,0.9260912698412699,Продовольствие
2088,2023-05-01,0.03501547235024774,0.9533730158730159,Продовольствие
233,2024-03-01,0.035014807181200765,0.9712301587301587,Продовольствие
916,2024-06-01,0.03498452874456343,0.9523809523809523,Продовольствие
916,2023-10-01,0.0349817606022306,0.933531746031746,Продовольствие
2230,2023-09-01,0.034980587757247626,0.935515873015873,Продовольствие
859,2023-09-01,0.03497522731114879,0.9350198412698413,Продовольствие
348,2023-06-01,0.03496548708511734,0.9409722222222222,Продовольствие
2130,2024-10-01,0.034956308536081795,0.9479166666666666,Маркетплейсы
231,2023-12-01,0.034949206977150905,0.9439484126984127,Продовольствие
2082,2024-01-01,0.034948140682801714,0.9255952380952381,Маркетплейсы
2321,2024-05-01,0.034914949650934585,0.9528769841269841,Маркетплейсы
1894,2024-02-01,0.034909488861898985,0.9533730158730159,Маркетплейсы
1590,2024-07-01,0.03490675774237764,0.9553571428571429,Продовольствие
1220,2024-08-01,0.03490459317366074,0.9523809523809523,Продовольствие
492,2023-10-01,0.03488195774708196,0.9330357142857143,Здоровье
181,2024-08-01,0.03488052426995995,0.9518849206349206,Маркетплейсы
743,2024-05-01,0.034879444704531505,0.9523809523809523,Продовольствие
2139,2024-07-01,0.034863062938672716,0.9548611111111112,Маркетплейсы
1159,2024-03-01,0.03485738141965978,0.970734126984127,Продовольствие
1314,2024-03-01,0.03485392489875672,0.9702380952380952,Маркетплейсы
1970,2023-11-01,0.034849745333393516,0.9389880952380952,Продовольствие
1696,2024-08-01,0.03483743601960959,0.9513888888888888,Маркетплейсы
1864,2023-07-01,0.03483496158605388,0.9518849206349206,Продовольствие
1062,2024-04-01,0.03482940027849239,0.9528769841269841,Продовольствие
2242,2023-10-01,0.034818867839762124,0.9325396825396826,Продовольствие
1438,2024-08-01,0.034813415403230054,0.9508928571428571,Продовольствие
361,2024-01-01,0.03480834366763016,0.9250992063492064,Продовольствие
2305,2023-06-01,0.03480041110125225,0.9404761904761905,Продовольствие
1193,2024-05-01,0.0347991690716681,0.9518849206349206,Продовольствие
1785,2024-01-01,0.03479809625938277,0.9246031746031746,Продовольствие
1594,2024-02-01,0.03479572057324044,0.9523809523809523,Продовольствие
1064,2024-11-01,0.03479423393321613,0.9360119047619048,Маркетплейсы
773,2023-10-01,0.03478246694694738,0.9320436507936508,Продовольствие
1942,2023-09-01,0.03478136753802821,0.9340277777777778,Продовольствие
1124,2023-05-01,0.03477921385179799,0.9528769841269841,Продовольствие
691,2023-04-01,0.034772709266843706,0.9464285714285714,Продовольствие
1728,2023-10-01,0.034763384807972454,0.9315476190476191,Маркетплейсы
372,2024-07-01,0.03476289854724738,0.9538690476190477,Продовольствие
687,2023-12-01,0.034760689879205074,0.9434523809523809,Маркетплейсы
614,2024-05-01,0.03474346382811238,0.9513888888888888,Продовольствие
922,2024-09-01,0.034732342037010686,0.9464285714285714,Маркетплейсы
1757,2024-01-01,0.034731710204793695,0.9241071428571429,Маркетплейсы
770,2024-03-01,0.03471132801936166,0.9697420634920635,Продовольствие
1965,2024-10-01,0.03469909300259986,0.9474206349206349,Продовольствие
520,2024-05-01,0.034689513653266266,0.9508928571428571,Продовольствие
323,2024-06-01,0.0346728375790056,0.9513888888888888,Продовольствие
1722,2023-10-01,0.0346695649384662,0.9305555555555556,Маркетплейсы
338,2023-12-01,0.03465942277553247,0.9429563492063492,Продовольствие
1064,2023-12-01,0.03464958595305657,0.9424603174603174,Продовольствие
410,2023-06-01,0.03464807910705479,0.939484126984127,Продовольствие
433,2024-06-01,0.03463914412815227,0.9508928571428571,Маркетплейсы
15,2024-03-01,0.0346341872872758,0.9692460317460317,Продовольствие
570,2023-08-01,0.034633503345575724,0.9474206349206349,Продовольствие
402,2023-11-01,0.03463290967307003,0.9384920634920635,Продовольствие
242,2024-04-01,0.034630947526231096,0.9523809523809523,Продовольствие
342,2024-11-01,0.03462653856139466,0.935515873015873,Продовольствие
1254,2024-05-01,0.03462132798595371,0.9503968253968254,Продовольствие
18,2023-05-01,0.034614114855303905,0.9523809523809523,Продовольствие
787,2024-01-01,0.03461204473620165,0.9236111111111112,Маркетплейсы
796,2023-12-01,0.03460523818680722,0.9419642857142857,Продовольствие
284,2024-07-01,0.03459668366059415,0.9528769841269841,Продовольствие
365,2023-09-01,0.03458096024291061,0.933531746031746,Здоровье
2055,2024-06-01,0.034567841283013906,0.9499007936507936,Продовольствие
578,2024-06-01,0.034560838639610895,0.9494047619047619,Продовольствие
2089,2023-11-01,0.03456047565640055,0.9379960317460317,Продовольствие
1754,2024-04-01,0.0345426972393532,0.9518849206349206,Продовольствие
232,2024-04-01,0.03453689169969105,0.9513888888888888,Продовольствие
1674,2023-08-01,0.03453564249991912,0.9469246031746031,Продовольствие
523,2024-05-01,0.03452331454824674,0.9499007936507936,Продовольствие
895,2024-08-01,0.03452277786698515,0.9489087301587301,Продовольствие
15,2023-07-01,0.034504233850597976,0.9503968253968254,Продовольствие
692,2023-05-01,0.034491035611823886,0.9518849206349206,Продовольствие
538,2024-01-01,0.03448800203470545,0.9231150793650794,Продовольствие
798,2023-09-01,0.03447035199900921,0.9330357142857143,Продовольствие
1071,2023-10-01,0.034464974634078244,0.9295634920634921,Продовольствие
221,2023-08-01,0.03446321958755574,0.9464285714285714,Продовольствие
806,2024-08-01,0.034461287796902246,0.9479166666666666,Маркетплейсы
1855,2024-01-01,0.0344533483174457,0.9226190476190477,Маркетплейсы
2317,2024-04-01,0.03445258960677024,0.9508928571428571,Продовольствие
1724,2024-03-01,0.03445177385429684,0.96875,Продовольствие
2069,2023-04-01,0.034451266263405285,0.9449404761904762,Продовольствие
499,2024-10-01,0.03444589742116535,0.9469246031746031,Продовольствие
2268,2024-03-01,0.03444205337125075,0.9682539682539683,Продовольствие
602,2024-10-01,0.03444154063108074,0.9464285714285714,Маркетплейсы
35,2024-01-01,0.034439693620404166,0.9221230158730159,Общественное питание
491,2023-07-01,0.03443216052602819,0.9499007936507936,Продовольствие
372,2024-10-01,0.03441782103558436,0.9459325396825397,Продовольствие
1508,2023-05-01,0.03441347173925808,0.9513888888888888,Продовольствие
1733,2024-03-01,0.034406400582987384,0.9677579365079365,Маркетплейсы
567,2024-05-01,0.03440117635505754,0.9494047619047619,Продовольствие
52,2023-11-01,0.03439731314705447,0.9375,Продовольствие
1955,2024-05-01,0.03439624181464845,0.9489087301587301,Маркетплейсы
1984,2023-12-01,0.03439363605809472,0.9399801587301587,Маркетплейсы
1124,2023-08-01,0.03439140198301704,0.9459325396825397,Маркетплейсы
416,2024-01-01,0.03438887280470601,0.9216269841269841,Транспорт
1353,2024-07-01,0.034370376801937406,0.9518849206349206,Маркетплейсы
699,2023-08-01,0.034368900113439446,0.9454365079365079,Продовольствие
1682,2024-10-01,0.03436586222099287,0.9454365079365079,Маркетплейсы
185,2023-08-01,0.03436132019749038,0.9449404761904762,Продовольствие
72,2023-07-01,0.0343399492244982,0.9494047619047619,Продовольствие
614,2023-12-01,0.03433360485148263,0.939484126984127,Маркетплейсы
280,2023-07-01,0.03432748764938787,0.9489087301587301,Продовольствие
281,2023-04-01,0.034321478937168484,0.9439484126984127,Продовольствие
2045,2023-04-01,0.0343207672785798,0.9434523809523809,Продовольствие
2539,2023-04-01,0.03432031612719655,0.9429563492063492,Продовольствие
1635,2023-08-01,0.034309969418536077,0.9444444444444444,Маркетплейсы
2138,2023-10-01,0.034308601401442596,0.9285714285714286,Маркетплейсы
1124,2024-06-01,0.034300875726217095,0.9484126984126984,Продовольствие
2426,2023-04-01,0.03428754831026817,0.9419642857142857,Продовольствие
181,2024-05-01,0.03428622408713812,0.9484126984126984,Маркетплейсы
1893,2023-06-01,0.034283529186589605,0.9375,Продовольствие
1891,2023-11-01,0.034279196740030486,0.9370039682539683,Продовольствие
889,2023-12-01,0.0342673566895765,0.9389880952380952,Продовольствие
556,2023-11-01,0.03426368465671778,0.9365079365079365,Маркетплейсы
2145,2023-04-01,0.03426259241086768,0.941468253968254,Маркетплейсы
1741,2024-10-01,0.034257134749877155,0.9449404761904762,Продовольствие
2056,2023-10-01,0.03425583952694399,0.9280753968253969,Маркетплейсы
2091,2024-08-01,0.034237571977108604,0.9474206349206349,Маркетплейсы
1179,2024-08-01,0.03423296241087739,0.9469246031746031,Маркетплейсы
1712,2024-02-01,0.034231114011750705,0.9518849206349206,Маркетплейсы
1954,2023-06-01,0.03422928856859652,0.9370039682539683,Продовольствие
1635,2024-07-01,0.0342278170400957,0.9513888888888888,Продовольствие
1059,2024-03-01,0.034217934023102546,0.9672619047619048,Продовольствие
2091,2023-12-01,0.034216115444768394,0.9384920634920635,Продовольствие
2078,2024-01-01,0.03420599080327152,0.9206349206349206,Продовольствие
2112,2023-10-01,0.034205876110218816,0.9275793650793651,Продовольствие
287,2024-08-01,0.034200827191988616,0.9464285714285714,Продовольствие
1884,2024-07-01,0.034198956395661034,0.9508928571428571,Продовольствие
491,2023-08-01,0.034189748936847154,0.9439484126984127,Продовольствие
565,2023-12-01,0.03417439946958036,0.9379960317460317,Маркетплейсы
1924,2024-05-01,0.03416248687627762,0.9474206349206349,Продовольствие
1213,2023-09-01,0.03415883179264351,0.9325396825396826,Продовольствие
907,2023-07-01,0.03415738868767208,0.9484126984126984,Продовольствие
615,2023-11-01,0.034155868626516796,0.935515873015873,Продовольствие
1626,2023-09-01,0.034147611862761995,0.9320436507936508,Продовольствие
1200,2023-08-01,0.03413858029276504,0.9434523809523809,Продовольствие
879,2024-01-01,0.034137154066412476,0.9196428571428571,Маркетплейсы
456,2024-09-01,0.03412985651950523,0.9454365079365079,Продовольствие
433,2023-08-01,0.03412576841769705,0.9429563492063492,Продовольствие
1407,2023-04-01,0.034125329351446645,0.9404761904761905,Продовольствие
1271,2024-11-01,0.034113912343181466,0.9345238095238095,Продовольствие
1741,2023-08-01,0.03410549894346612,0.9424603174603174,Маркетплейсы
859,2023-11-01,0.034104909924687114,0.9350198412698413,Продовольствие
2881,2023-05-01,0.03410017126821717,0.9499007936507936,Продовольствие
402,2023-04-01,0.03408953913723896,0.9399801587301587,Транспорт
925,2024-09-01,0.03408698554533315,0.9449404761904762,Маркетплейсы
347,2024-02-01,0.034085242294313825,0.9513888888888888,Маркетплейсы
1870,2024-11-01,0.034073873495284894,0.9340277777777778,Продовольствие
1752,2024-01-01,0.0340723928808856,0.9186507936507936,Маркетплейсы
547,2024-01-01,0.0340650438775475,0.9181547619047619,Продовольствие
22,2024-08-01,0.03405827210652389,0.9459325396825397,Маркетплейсы
2182,2023-08-01,0.03405745341239399,0.9419642857142857,Продовольствие
917,2023-06-01,0.03405539291008547,0.9360119047619048,Продовольствие
2245,2024-06-01,0.03404744717608122,0.9479166666666666,Продовольствие
2050,2023-11-01,0.03404740881785063,0.9345238095238095,Маркетплейсы
339,2024-08-01,0.03403811361892376,0.9454365079365079,Продовольствие
282,2024-02-01,0.03403517322638091,0.9508928571428571,Продовольствие
1220,2023-08-01,0.03402612971300764,0.941468253968254,Продовольствие
2095,2024-09-01,0.034021687754724285,0.9444444444444444,Продовольствие
1412,2023-10-01,0.034019762529130054,0.9260912698412699,Продовольствие
228,2024-06-01,0.03401287515417102,0.9474206349206349,Продовольствие
1571,2023-11-01,0.034010825711668136,0.9340277777777778,Продовольствие
1698,2023-09-01,0.0340080512443701,0.9315476190476191,Продовольствие
1353,2024-06-01,0.034001542678679726,0.9469246031746031,Маркетплейсы
2178,2024-10-01,0.0339993166917202,0.9444444444444444,Продовольствие
2409,2023-04-01,0.0339849941121482,0.9389880952380952,Продовольствие
1118,2024-09-01,0.033982683968167365,0.9439484126984127,Маркетплейсы
228,2023-09-01,0.03397587462452828,0.9310515873015873,Продовольствие
333,2024-09-01,0.033960755355028016,0.9434523809523809,Продовольствие
1060,2024-08-01,0.03394895322295979,0.9449404761904762,Продовольствие
742,2024-04-01,0.03394261742257979,0.9494047619047619,Продовольствие
201,2023-05-01,0.03394220859657066,0.9494047619047619,Продовольствие
168,2024-05-01,0.03392596349245416,0.9454365079365079,Продовольствие
2344,2023-06-01,0.033921095837197456,0.935515873015873,Продовольствие
185,2023-06-01,0.03392100854089723,0.9350198412698413,Продовольствие
71,2023-12-01,0.03391150273710826,0.9370039682539683,Продовольствие
1694,2023-07-01,0.03390357991926868,0.9479166666666666,Продовольствие
1957,2023-09-01,0.033903431990397144,0.9305555555555556,Продовольствие
334,2024-11-01,0.03389606841973345,0.933531746031746,Продовольствие
34,2023-11-01,0.03389061643671968,0.933531746031746,Маркетплейсы
1680,2024-01-01,0.0338897700741844,0.9171626984126984,Маркетплейсы
613,2023-10-01,0.03388956483757952,0.9250992063492064,Продовольствие
402,2023-08-01,0.03387978663687779,0.9409722222222222,Продовольствие
1768,2023-12-01,0.03387609082753644,0.9365079365079365,Маркетплейсы
2178,2023-10-01,0.033873827035211794,0.9246031746031746,Продовольствие
2223,2024-01-01,0.03387240667194996,0.9166666666666666,Продовольствие
1579,2024-01-01,0.03386974123390712,0.9161706349206349,Маркетплейсы
1349,2023-09-01,0.03386591851318272,0.9300595238095238,Продовольствие
1205,2023-07-01,0.033860238938436565,0.9474206349206349,Продовольствие
1159,2024-02-01,0.03385648176667192,0.9503968253968254,Транспорт
2022,2023-09-01,0.03385381158643001,0.9295634920634921,Маркетплейсы
227,2023-12-01,0.03385175880924792,0.9360119047619048,Маркетплейсы
408,2023-06-01,0.03384876862168272,0.9345238095238095,Продовольствие
36,2023-05-01,0.033848142906817376,0.9484126984126984,Продовольствие
376,2024-02-01,0.03384799806715666,0.9499007936507936,Продовольствие
1768,2024-04-01,0.033842088449914126,0.9489087301587301,Продовольствие
290,2024-11-01,0.03382995672739787,0.9330357142857143,Маркетплейсы
1220,2024-07-01,0.03382244767306523,0.9494047619047619,Маркетплейсы
377,2023-06-01,0.03381411574044943,0.9340277777777778,Продовольствие
1717,2024-10-01,0.033806652987822934,0.9439484126984127,Продовольствие
1189,2024-06-01,0.033794190318697445,0.9464285714285714,Маркетплейсы
1754,2023-12-01,0.03378904617319012,0.935515873015873,Продовольствие
831,2023-11-01,0.033779125250495,0.9330357142857143,Продовольствие
1714,2024-09-01,0.03377508490122732,0.9429563492063492,Маркетплейсы
2049,2024-05-01,0.033752717184618704,0.9449404761904762,Маркетплейсы
669,2024-07-01,0.03375077093159123,0.9489087301587301,Продовольствие
17,2023-08-01,0.033750364589552155,0.9404761904761905,Продовольствие
230,2023-11-01,0.03374841428572069,0.9325396825396826,Продовольствие
2043,2023-11-01,0.03374689448483562,0.9320436507936508,Маркетплейсы
343,2023-07-01,0.0337327271679154,0.9464285714285714,Транспорт
20,2024-01-01,0.03372943615119609,0.9146825396825397,Продовольствие
2130,2023-06-01,0.03372085539638313,0.933531746031746,Продовольствие
275,2024-04-01,0.03371956100114907,0.9484126984126984,Продовольствие
718,2024-05-01,0.03371650884835318,0.9444444444444444,Продовольствие
496,2023-11-01,0.033709140415226636,0.9315476190476191,Продовольствие
321,2024-10-01,0.03370160733043419,0.9434523809523809,Продовольствие
2242,2024-05-01,0.03369721599292379,0.9439484126984127,Продовольствие
408,2024-10-01,0.03369719164137559,0.9429563492063492,Продовольствие
2157,2023-10-01,0.033690296733349584,0.9241071428571429,Продовольствие
320,2023-08-01,0.03368983584096352,0.9399801587301587,Продовольствие
2258,2024-09-01,0.03367134528942148,0.9419642857142857,Продовольствие
580,2023-10-01,0.033663136694212926,0.9236111111111112,Продовольствие
352,2023-05-01,0.033659597879206096,0.9479166666666666,Продовольствие
314,2024-10-01,0.033658121988636464,0.9424603174603174,Продовольствие
1858,2023-11-01,0.033645296912777956,0.9310515873015873,Продовольствие
1127,2023-12-01,0.03363850709013878,0.9345238095238095,Продовольствие
1775,2024-09-01,0.033638252696510364,0.941468253968254,Продовольствие
496,2023-12-01,0.033637092288844206,0.9340277777777778,Продовольствие
1712,2024-01-01,0.03362333855625516,0.9131944444444444,Продовольствие
1908,2023-04-01,0.033605678500724885,0.9375,Продовольствие
546,2024-05-01,0.033601792100560704,0.9434523809523809,Продовольствие
2238,2023-06-01,0.03359980660027431,0.9330357142857143,Продовольствие
1412,2024-11-01,0.03359597603453967,0.9325396825396826,Продовольствие
827,2024-04-01,0.03358518271838021,0.9479166666666666,Продовольствие
2880,2024-09-01,0.033569929251116376,0.9409722222222222,Продовольствие
414,2023-07-01,0.03356813499985337,0.9459325396825397,Продовольствие
888,2023-06-01,0.033557346886686844,0.9325396825396826,Продовольствие
1029,2023-10-01,0.03354694658301832,0.9231150793650794,Маркетплейсы
555,2024-05-01,0.03354223565071677,0.9429563492063492,Продовольствие
1180,2023-06-01,0.033541055414442834,0.9320436507936508,Продовольствие
528,2023-07-01,0.03354063129861623,0.9454365079365079,Продовольствие
2091,2023-07-01,0.03353194024369698,0.9449404761904762,Продовольствие
580,2024-11-01,0.033530393055203236,0.9320436507936508,Продовольствие
2054,2024-09-01,0.03352957137113973,0.9404761904761905,Продовольствие
1722,2024-07-01,0.03352637499243552,0.9479166666666666,Продовольствие
1023,2023-12-01,0.033525385602639485,0.9330357142857143,Продовольствие
2400,2023-04-01,0.033520951055254836,0.9370039682539683,Продовольствие
1353,2024-05-01,0.03352066699757534,0.9424603174603174,Маркетплейсы
1704,2023-04-01,0.03351299147238411,0.9365079365079365,Продовольствие
204,2023-05-01,0.03350559112248833,0.9474206349206349,Продовольствие
1122,2024-11-01,0.033499389947978686,0.9315476190476191,Продовольствие
1120,2023-05-01,0.033498062600862175,0.9469246031746031,Продовольствие
903,2024-04-01,0.0334865439785944,0.9474206349206349,Маркетплейсы
300,2023-10-01,0.03348616218546397,0.9226190476190477,Продовольствие
58,2023-06-01,0.03347978391417826,0.9315476190476191,Продовольствие
1269,2023-11-01,0.033479120328177535,0.9305555555555556,Продовольствие
2552,2023-04-01,0.03347637143691624,0.9360119047619048,Продовольствие
1744,2023-10-01,0.033476114331654365,0.9221230158730159,Продовольствие
333,2023-07-01,0.033474383637612105,0.9444444444444444,Маркетплейсы
1519,2023-05-01,0.0334733495472466,0.9464285714285714,Продовольствие
2460,2023-04-01,0.033459067432998806,0.9350198412698413,Продовольствие
396,2023-11-01,0.03345612887561479,0.9300595238095238,Маркетплейсы
2589,2023-04-01,0.03345034250253174,0.9345238095238095,Продовольствие
280,2024-06-01,0.03344846053516662,0.9459325396825397,Продовольствие
433,2024-05-01,0.03343373337811083,0.9419642857142857,Продовольствие
1014,2024-03-01,0.03342641088326499,0.966765873015873,Продовольствие
1871,2023-05-01,0.033423569102470886,0.9459325396825397,Продовольствие
2057,2023-11-01,0.03341973464855296,0.9295634920634921,Продовольствие
285,2023-07-01,0.03341182595792163,0.9439484126984127,Маркетплейсы
205,2023-12-01,0.033410751832830175,0.9320436507936508,Маркетплейсы
916,2023-12-01,0.033408816352177476,0.9315476190476191,Маркетплейсы
1762,2023-06-01,0.03339799965661889,0.9310515873015873,Продовольствие
523,2023-11-01,0.03339662984814742,0.9290674603174603,Маркетплейсы
11,2024-09-01,0.03339628591486968,0.9399801587301587,Маркетплейсы
352,2023-11-01,0.033394834697348136,0.9285714285714286,Маркетплейсы
30,2024-11-01,0.03339005733750947,0.9310515873015873,Маркетплейсы
788,2023-12-01,0.03338863777988549,0.9310515873015873,Общественное питание
1923,2023-12-01,0.03338126136076972,0.9305555555555556,Маркетплейсы
457,2023-05-01,0.033378240104083017,0.9454365079365079,Продовольствие
446,2023-10-01,0.03337354152827177,0.9216269841269841,Продовольствие
1305,2024-07-01,0.03336292099782639,0.9469246031746031,Маркетплейсы
2,2024-06-01,0.033355698699649154,0.9454365079365079,Маркетплейсы
685,2023-10-01,0.03335209424278185,0.9211309523809523,Продовольствие
1889,2024-08-01,0.03334364208378484,0.9434523809523809,Продовольствие
1949,2023-09-01,0.03333042037599667,0.9280753968253969,Продовольствие
332,2024-09-01,0.03332801249176575,0.939484126984127,Продовольствие
1511,2023-08-01,0.033322515331359506,0.9384920634920635,Продовольствие
1849,2024-06-01,0.03332179782001108,0.9449404761904762,Продовольствие
1727,2024-08-01,0.03331809639491878,0.9429563492063492,Маркетплейсы
445,2023-09-01,0.033317126230429636,0.9275793650793651,Маркетплейсы
288,2023-05-01,0.0333169391501094,0.9449404761904762,Продовольствие
352,2023-12-01,0.03329804881560716,0.9295634920634921,Маркетплейсы
2519,2023-04-01,0.033297022337529736,0.9330357142857143,Продовольствие
280,2023-08-01,0.03328234719785339,0.9375,Продовольствие
413,2023-12-01,0.0332816995848985,0.9290674603174603,Маркетплейсы
1601,2023-04-01,0.03327967934976807,0.9325396825396826,Продовольствие
1328,2024-04-01,0.033279171374801284,0.9464285714285714,Продовольствие
1069,2024-08-01,0.033272543650837066,0.9424603174603174,Продовольствие
2450,2023-04-01,0.033263089416363426,0.9320436507936508,Продовольствие
2143,2023-09-01,0.03326100975129729,0.9270833333333334,Продовольствие
2073,2023-07-01,0.03325699412137729,0.9434523809523809,Продовольствие
1849,2023-05-01,0.03324784969042474,0.9444444444444444,Маркетплейсы
1024,2024-06-01,0.03323760863595577,0.9444444444444444,Продовольствие
1349,2023-10-01,0.03322766652213461,0.9206349206349206,Продовольствие
1277,2023-07-01,0.03322233172663321,0.9429563492063492,Продовольствие
1037,2024-10-01,0.03322120745280999,0.9409722222222222,Продовольствие
2094,2023-04-01,0.03321841931400916,0.9315476190476191,Продовольствие
2345,2024-05-01,0.03321206054016207,0.941468253968254,Продовольствие
2254,2023-11-01,0.03321037323665998,0.9280753968253969,Здоровье
2150,2023-08-01,0.0332073529318636,0.9370039682539683,Продовольствие
1858,2024-11-01,0.033205326503814685,0.9305555555555556,Маркетплейсы
1701,2024-11-01,0.03320364106141906,0.9300595238095238,Продовольствие
1717,2024-08-01,0.03319912097081216,0.9419642857142857,Маркетплейсы
346,2024-08-01,0.033196832220086,0.941468253968254,Маркетплейсы
2323,2023-04-01,0.03317741637154664,0.9305555555555556,Маркетплейсы
2057,2024-05-01,0.033176046602657,0.9409722222222222,Маркетплейсы
2244,2024-09-01,0.03316194109016003,0.9389880952380952,Продовольствие
792,2023-08-01,0.033161068967471063,0.9365079365079365,Продовольствие
1937,2023-12-01,0.033157147737162496,0.9285714285714286,Маркетплейсы
1750,2024-11-01,0.03314650035827158,0.9295634920634921,Продовольствие
854,2024-03-01,0.03314396148413156,0.9662698412698413,Продовольствие
1730,2023-06-01,0.03313981091459807,0.9305555555555556,Продовольствие
2355,2023-04-01,0.03313919881860419,0.9300595238095238,Продовольствие
1511,2024-08-01,0.03313277363224948,0.9409722222222222,Продовольствие
2242,2023-09-01,0.033132566082984906,0.9265873015873016,Продовольствие
1214,2024-05-01,0.03311843783268297,0.9404761904761905,Продовольствие
859,2023-06-01,0.03311723766779733,0.9300595238095238,Продовольствие
62,2023-04-01,0.033106738524081185,0.9295634920634921,Продовольствие
855,2023-07-01,0.03310149936499105,0.9424603174603174,Продовольствие
1940,2024-09-01,0.03310022448853053,0.9384920634920635,Маркетплейсы
2334,2023-07-01,0.033097595843736935,0.9419642857142857,Продовольствие
2269,2023-12-01,0.03309264284902517,0.9280753968253969,Маркетплейсы
65,2024-08-01,0.03308442932836186,0.9404761904761905,Маркетплейсы
1711,2024-10-01,0.033080601988802624,0.9404761904761905,Продовольствие
1762,2024-02-01,0.0330799682191699,0.9489087301587301,Маркетплейсы
1702,2024-04-01,0.033079934716923984,0.9459325396825397,Маркетплейсы
1122,2023-11-01,0.0330772949875433,0.9270833333333334,Продовольствие
1014,2024-08-01,0.03307707399917715,0.9399801587301587,Маркетплейсы
2053,2024-11-01,0.03307266267648729,0.9290674603174603,Продовольствие
1908,2024-02-01,0.03305769352183702,0.9484126984126984,Продовольствие
54,2024-06-01,0.03305284457756966,0.9439484126984127,Общественное питание
1409,2023-04-01,0.03303870889273027,0.9285714285714286,Продовольствие
2872,2024-02-01,0.03303410890617728,0.9474206349206349,Маркетплейсы
2229,2023-11-01,0.03302821142562095,0.9265873015873016,Маркетплейсы
900,2023-09-01,0.033025596091855965,0.9260912698412699,Продовольствие
2249,2024-02-01,0.033025442049602144,0.9469246031746031,Продовольствие
36,2024-01-01,0.03301147788794549,0.910218253968254,Продовольствие
715,2024-08-01,0.033010982497177946,0.9389880952380952,Продовольствие
2244,2023-11-01,0.033009825618292174,0.9260912698412699,Маркетплейсы
347,2023-12-01,0.03300267129923792,0.9270833333333334,Продовольствие
1178,2024-04-01,0.032992047387531864,0.9454365079365079,Продовольствие
2143,2024-07-01,0.03298309023507089,0.9459325396825397,Продовольствие
306,2023-10-01,0.0329816156141774,0.9201388888888888,Продовольствие
1301,2023-05-01,0.03297967071239667,0.9434523809523809,Продовольствие
1864,2023-09-01,0.032972480712134815,0.9255952380952381,Продовольствие
2307,2024-06-01,0.032966379694007286,0.9434523809523809,Продовольствие
764,2024-08-01,0.03296175218130972,0.9384920634920635,Продовольствие
15,2024-05-01,0.03296006530505697,0.939484126984127,Маркетплейсы
1884,2023-06-01,0.03295264747087212,0.9295634920634921,Продовольствие
404,2023-04-01,0.032950212039593786,0.9275793650793651,Продовольствие
544,2023-06-01,0.03294077916013733,0.9285714285714286,Продовольствие
1222,2023-10-01,0.03293614248918447,0.9196428571428571,Продовольствие
580,2024-06-01,0.032934477700455884,0.9429563492063492,Продовольствие
14,2024-10-01,0.03293378882062732,0.9399801587301587,Продовольствие
2266,2023-09-01,0.032932772559336965,0.9250992063492064,Маркетплейсы
2339,2024-08-01,0.032910254280143415,0.9379960317460317,Продовольствие
2427,2023-04-01,0.032908388255147754,0.9270833333333334,Продовольствие
807,2024-08-01,0.03290741052411545,0.9375,Маркетплейсы
1938,2023-06-01,0.03290504206050958,0.9280753968253969,Маркетплейсы
363,2023-05-01,0.03290240878306521,0.9419642857142857,Продовольствие
321,2024-08-01,0.032901881632945336,0.9370039682539683,Продовольствие
1120,2023-11-01,0.03290182193699885,0.9255952380952381,Продовольствие
2505,2023-04-01,0.032896861004245326,0.9265873015873016,Продовольствие
541,2024-01-01,0.03289657532400677,0.9092261904761905,Продовольствие
2230,2024-02-01,0.03289509612330695,0.9464285714285714,Маркетплейсы
2352,2023-04-01,0.03288471349071656,0.9260912698412699,Продовольствие
1151,2024-08-01,0.032880011808901245,0.9365079365079365,Продовольствие
770,2024-04-01,0.03286586891017719,0.9449404761904762,Продовольствие
789,2024-08-01,0.03286272445657762,0.9360119047619048,Продовольствие
1221,2023-07-01,0.03285613474935634,0.9409722222222222,Продовольствие
1860,2023-07-01,0.03285522144998692,0.9404761904761905,Маркетплейсы
2055,2023-07-01,0.03285509243412084,0.9399801587301587,Маркетплейсы
2327,2024-05-01,0.03285433930683374,0.9389880952380952,Продовольствие
2238,2024-06-01,0.032836541139703065,0.9424603174603174,Продовольствие
2321,2023-04-01,0.032830925415215796,0.9255952380952381,Маркетплейсы
1173,2024-01-01,0.03282490204610735,0.9087301587301587,Продовольствие
614,2023-07-01,0.03282307647798639,0.939484126984127,Транспорт
72,2023-11-01,0.032822205648556896,0.9250992063492064,Маркетплейсы
2509,2023-04-01,0.032819664651933714,0.9246031746031746,Продовольствие
2122,2023-12-01,0.032819159864153076,0.9265873015873016,Маркетплейсы
1330,2024-10-01,0.032815508817495787,0.939484126984127,Маркетплейсы
1314,2023-12-01,0.032812432419177064,0.9260912698412699,Продовольствие
1959,2023-10-01,0.03280897922141446,0.9186507936507936,Продовольствие
324,2024-05-01,0.03280761625978437,0.9384920634920635,Продовольствие
2090,2023-11-01,0.0327997046616518,0.9246031746031746,Продовольствие
1852,2024-10-01,0.03279750363268319,0.9389880952380952,Маркетплейсы
2091,2023-08-01,0.032782900715737945,0.9350198412698413,Маркетплейсы
1750,2023-08-01,0.03278160611736322,0.9345238095238095,Продовольствие
332,2024-03-01,0.03277552372970759,0.964781746031746,Продовольствие
2067,2024-10-01,0.03277546150470134,0.9384920634920635,Продовольствие
1737,2024-11-01,0.03277502111587891,0.9280753968253969,Продовольствие
1685,2024-05-01,0.03277327233638723,0.9379960317460317,Продовольствие
795,2023-08-01,0.03277162192616737,0.9340277777777778,Продовольствие
912,2023-06-01,0.03276544845284335,0.9275793650793651,Продовольствие
2091,2023-10-01,0.03273270595929058,0.9181547619047619,Продовольствие
520,2024-06-01,0.032732192709539164,0.9419642857142857,Продовольствие
72,2024-09-01,0.03273057301892421,0.9375,Маркетплейсы
2022,2023-04-01,0.032724732148470104,0.9241071428571429,Продовольствие
54,2024-05-01,0.03271105144592593,0.9370039682539683,Общественное питание
2143,2024-08-01,0.03270870229891574,0.9350198412698413,Маркетплейсы
2605,2023-04-01,0.032708458158606145,0.9236111111111112,Продовольствие
1254,2023-10-01,0.03269678429519389,0.9171626984126984,Продовольствие
2134,2024-07-01,0.03268927290339584,0.9444444444444444,Маркетплейсы
1220,2023-11-01,0.03268165062088843,0.9241071428571429,Продовольствие
567,2023-04-01,0.03268048052364127,0.9231150793650794,Маркетплейсы
2133,2023-07-01,0.03267467524032604,0.9379960317460317,Продовольствие
484,2024-10-01,0.03267006216884307,0.9379960317460317,Продовольствие
800,2023-11-01,0.032666164850894956,0.9236111111111112,Продовольствие
47,2024-04-01,0.03266603287388299,0.9439484126984127,Продовольствие
1894,2024-05-01,0.03266513141209502,0.9365079365079365,Маркетплейсы
788,2024-06-01,0.03266327435600935,0.941468253968254,Маркетплейсы
1851,2024-01-01,0.03266149289360292,0.908234126984127,Продовольствие
792,2024-02-01,0.03265965525462544,0.9459325396825397,Продовольствие
306,2023-07-01,0.03265529657432161,0.9375,Маркетплейсы
185,2023-12-01,0.032651060158193274,0.9250992063492064,Маркетплейсы
1894,2024-03-01,0.032647623647009766,0.9642857142857143,Продовольствие
1124,2023-11-01,0.032646864725038985,0.9231150793650794,Маркетплейсы
916,2023-04-01,0.032644394299999706,0.9226190476190477,Продовольствие
1950,2024-02-01,0.03263169966502577,0.9454365079365079,Продовольствие
2066,2024-11-01,0.03262230852567875,0.9275793650793651,Продовольствие
1902,2024-04-01,0.03262221108030081,0.9434523809523809,Продовольствие
2522,2023-04-01,0.03261916781080491,0.9221230158730159,Продовольствие
2428,2023-04-01,0.03261100157056311,0.9216269841269841,Продовольствие
742,2024-11-01,0.03260877226412054,0.9270833333333334,Продовольствие
343,2024-10-01,0.0326063265116086,0.9375,Продовольствие
1178,2023-10-01,0.03260004034214085,0.9161706349206349,Продовольствие
836,2024-04-01,0.03259745390075402,0.9429563492063492,Продовольствие
376,2023-09-01,0.032591800250571644,0.9241071428571429,Маркетплейсы
1965,2024-09-01,0.03258349110845913,0.9370039682539683,Продовольствие
316,2023-09-01,0.032579712906933865,0.9236111111111112,Продовольствие
558,2023-11-01,0.032576530223689594,0.9226190476190477,Продовольствие
1855,2024-10-01,0.03256418299955103,0.9370039682539683,Маркетплейсы
331,2024-04-01,0.03256266427533547,0.9419642857142857,Продовольствие
1771,2024-03-01,0.032562057483240966,0.9632936507936508,Продовольствие
2095,2023-06-01,0.03255384714908279,0.9260912698412699,Продовольствие
615,2023-05-01,0.032542388523167376,0.9399801587301587,Продовольствие
2241,2023-10-01,0.03254181104267889,0.9156746031746031,Продовольствие
773,2023-12-01,0.03253914564482575,0.9241071428571429,Продовольствие
2266,2023-05-01,0.03253492018708182,0.939484126984127,Продовольствие
2007,2023-10-01,0.03252880802328395,0.9151785714285714,Маркетплейсы
1297,2023-12-01,0.03251964563245565,0.9231150793650794,Маркетплейсы
1319,2024-05-01,0.032518668745563466,0.935515873015873,Маркетплейсы
1771,2024-10-01,0.03251857912283528,0.9365079365079365,Продовольствие
404,2024-08-01,0.03251816753711057,0.9345238095238095,Маркетплейсы
1683,2023-12-01,0.03251734750217291,0.9226190476190477,Маркетплейсы
1688,2024-01-01,0.032515508549752124,0.9072420634920635,Продовольствие
1657,2023-04-01,0.03251070388436714,0.9211309523809523,Продовольствие
484,2024-07-01,0.03250349058611958,0.9429563492063492,Продовольствие
297,2023-11-01,0.032479463982000134,0.9216269841269841,Маркетплейсы
54,2023-12-01,0.03247342445160279,0.9216269841269841,Общественное питание
1319,2024-03-01,0.03246543999514107,0.9627976190476191,Продовольствие
1588,2023-11-01,0.032465185619819564,0.9211309523809523,Продовольствие
347,2023-10-01,0.032455476760810655,0.9146825396825397,Маркетплейсы
556,2024-08-01,0.03245259659530716,0.9340277777777778,Продовольствие
1893,2024-05-01,0.03243800672842203,0.9345238095238095,Маркетплейсы
717,2023-04-01,0.03243509165701264,0.9206349206349206,Продовольствие
1353,2024-02-01,0.03243009934551496,0.9444444444444444,Маркетплейсы
188,2024-01-01,0.03242364636633133,0.9067460317460317,Продовольствие
1728,2023-12-01,0.03241752445456673,0.9206349206349206,Маркетплейсы
831,2024-04-01,0.03241669812172078,0.941468253968254,Продовольствие
339,2024-04-01,0.032413860414547364,0.9409722222222222,Продовольствие
1286,2024-09-01,0.032407342995704115,0.9360119047619048,Маркетплейсы
336,2023-07-01,0.032404441219352854,0.9365079365079365,Продовольствие
553,2024-02-01,0.032398677327000226,0.9439484126984127,Продовольствие
2185,2023-08-01,0.03239617818244719,0.933531746031746,Маркетплейсы
1201,2023-04-01,0.03237407505046432,0.9201388888888888,Продовольствие
602,2024-01-01,0.032352406521986114,0.9057539682539683,Маркетплейсы
1610,2023-11-01,0.03233214554055257,0.9206349206349206,Продовольствие
2089,2024-04-01,0.0323277314208379,0.9404761904761905,Продовольствие
2079,2024-01-01,0.0323167586319272,0.9052579365079365,Маркетплейсы
595,2024-02-01,0.032313761353511904,0.9434523809523809,Маркетплейсы
2225,2023-04-01,0.03230893524730012,0.9191468253968254,Продовольствие
1898,2024-08-01,0.03230551330708261,0.933531746031746,Маркетплейсы
341,2023-08-01,0.03230050907540052,0.9330357142857143,Продовольствие
713,2023-09-01,0.032299843227732994,0.9231150793650794,Продовольствие
11,2024-05-01,0.03229248686658861,0.9340277777777778,Продовольствие
1771,2024-06-01,0.03228661489121834,0.9404761904761905,Продовольствие
347,2023-08-01,0.032285571491610904,0.9325396825396826,Маркетплейсы
2601,2023-05-01,0.032282977685505046,0.9389880952380952,Продовольствие
1962,2024-10-01,0.03227977963141239,0.9360119047619048,Продовольствие
1958,2023-06-01,0.03226958091511676,0.9250992063492064,Продовольствие
1124,2024-01-01,0.03226916827044963,0.9047619047619048,Продовольствие
404,2024-02-01,0.03223897029123469,0.9429563492063492,Продовольствие
1706,2024-08-01,0.03222522538540648,0.9330357142857143,Маркетплейсы
423,2023-12-01,0.03222270892118271,0.9196428571428571,Продовольствие
2224,2023-04-01,0.032217939053375236,0.9181547619047619,Продовольствие
1591,2024-11-01,0.032207554690895666,0.9255952380952381,Продовольствие
2222,2023-05-01,0.03220586657561583,0.9384920634920635,Продовольствие
2125,2024-08-01,0.03220057735755285,0.9325396825396826,Маркетплейсы
2321,2024-01-01,0.032199516570854764,0.9037698412698413,Маркетплейсы
1113,2024-08-01,0.03219088183059033,0.9320436507936508,Маркетплейсы
1218,2024-02-01,0.03218440338325173,0.9424603174603174,Продовольствие
379,2023-04-01,0.032182627050665026,0.9166666666666666,Продовольствие
541,2023-05-01,0.03218048893254414,0.9379960317460317,Продовольствие
2055,2024-01-01,0.03217166273951698,0.9032738095238095,Маркетплейсы
726,2024-11-01,0.03215578741984356,0.9250992063492064,Продовольствие
1512,2023-04-01,0.03215386234598941,0.9161706349206349,Продовольствие
2573,2023-04-01,0.03215140166340433,0.9156746031746031,Продовольствие
188,2024-02-01,0.03215089924341218,0.9419642857142857,Маркетплейсы
312,2023-07-01,0.03214864746527899,0.9360119047619048,Продовольствие
896,2024-08-01,0.03214739222415804,0.9315476190476191,Продовольствие
1718,2023-06-01,0.03214212516175092,0.9246031746031746,Маркетплейсы
1277,2023-04-01,0.032140758142268556,0.9151785714285714,Продовольствие
2090,2024-01-01,0.032140691555561686,0.9027777777777778,Маркетплейсы
1287,2023-04-01,0.032133201712331756,0.9146825396825397,Продовольствие
436,2023-05-01,0.032131869677115,0.9375,Продовольствие
233,2023-05-01,0.03212997075973184,0.9370039682539683,Продовольствие
272,2024-10-01,0.03212634108685733,0.9345238095238095,Маркетплейсы
1935,2023-07-01,0.0321261883456942,0.935515873015873,Маркетплейсы
347,2024-01-01,0.0321245212552065,0.902281746031746,Продовольствие
585,2023-06-01,0.0321236923977897,0.9241071428571429,Продовольствие
1855,2024-03-01,0.032122876193113166,0.9618055555555556,Маркетплейсы
1013,2024-10-01,0.032118327888112974,0.9340277777777778,Продовольствие
1179,2024-07-01,0.03211762154983467,0.9419642857142857,Продовольствие
1159,2024-07-01,0.03211207563018454,0.941468253968254,Продовольствие
243,2024-07-01,0.03210592667184932,0.9409722222222222,Продовольствие
1279,2023-12-01,0.03210378862502743,0.9191468253968254,Продовольствие
307,2023-06-01,0.03209507840764834,0.9236111111111112,Продовольствие
290,2024-02-01,0.032092909310887076,0.9404761904761905,Маркетплейсы
445,2023-04-01,0.032082711545974904,0.9141865079365079,Продовольствие
1651,2024-11-01,0.03208053070503576,0.9246031746031746,Маркетплейсы
345,2023-05-01,0.03207406056712386,0.9360119047619048,Продовольствие
326,2024-10-01,0.0320587699081386,0.933531746031746,Продовольствие
72,2023-08-01,0.03205600412735408,0.9320436507936508,Маркетплейсы
173,2024-05-01,0.03204544147456661,0.9320436507936508,Маркетплейсы
1728,2024-05-01,0.032031193086392254,0.9315476190476191,Маркетплейсы
1850,2024-01-01,0.03201488518148835,0.9012896825396826,Продовольствие
1291,2024-07-01,0.032010112454788645,0.9404761904761905,Продовольствие
1154,2024-02-01,0.03200865523740634,0.9399801587301587,Маркетплейсы
1351,2023-10-01,0.03200090759066459,0.9141865079365079,Продовольствие
1951,2024-01-01,0.03200078290301885,0.9007936507936508,Продовольствие
1305,2024-05-01,0.031999985135173076,0.9310515873015873,Продовольствие
1954,2024-08-01,0.031986021737545146,0.9305555555555556,Продовольствие
292,2023-12-01,0.03197808994141561,0.9181547619047619,Маркетплейсы
1593,2024-05-01,0.03197592095007939,0.9305555555555556,Продовольствие
2265,2024-09-01,0.031972371265266745,0.935515873015873,Продовольствие
283,2023-06-01,0.031969100427025596,0.9231150793650794,Продовольствие
2065,2024-08-01,0.03195526231998501,0.9300595238095238,Маркетплейсы
2079,2024-03-01,0.03195371778332163,0.9613095238095238,Маркетплейсы
1559,2024-10-01,0.031950429966641984,0.9325396825396826,Продовольствие
690,2023-09-01,0.03193353721953174,0.9221230158730159,Продовольствие
282,2024-05-01,0.031929011067785215,0.9300595238095238,Продовольствие
82,2023-05-01,0.03192899953801584,0.935515873015873,Продовольствие
580,2024-10-01,0.03192797323546229,0.9320436507936508,Продовольствие
1702,2024-08-01,0.031926581958118275,0.9295634920634921,Маркетплейсы
2225,2023-05-01,0.03192572091826516,0.9345238095238095,Продовольствие
1350,2023-04-01,0.031925187616788316,0.9117063492063492,Продовольствие
895,2023-11-01,0.03191743499472429,0.9196428571428571,Продовольствие
1189,2024-11-01,0.03190927045305536,0.9236111111111112,Продовольствие
338,2024-05-01,0.03190603652101809,0.9295634920634921,Продовольствие
1124,2023-10-01,0.03190281777620176,0.9136904761904762,Продовольствие
720,2023-12-01,0.03189912490698589,0.9176587301587301,Продовольствие
1738,2023-05-01,0.03189369396103713,0.9340277777777778,Продовольствие
235,2023-09-01,0.031892892947629016,0.9211309523809523,Продовольствие
1167,2023-06-01,0.03188818185734901,0.9221230158730159,Продовольствие
167,2023-05-01,0.0318881506379595,0.933531746031746,Продовольствие
1558,2024-07-01,0.031883899669893814,0.939484126984127,Продовольствие
1681,2023-06-01,0.03188324771621944,0.9216269841269841,Продовольствие
46,2023-08-01,0.03188321073980152,0.9315476190476191,Продовольствие
538,2024-06-01,0.03188200090828557,0.9384920634920635,Продовольствие
20,2023-06-01,0.03188109819339445,0.9211309523809523,Продовольствие
2309,2024-02-01,0.03187507048869525,0.939484126984127,Маркетплейсы
1201,2023-12-01,0.03185700821225923,0.9171626984126984,Продовольствие
363,2024-06-01,0.031852496460256126,0.9379960317460317,Маркетплейсы
879,2024-04-01,0.031851295792940076,0.9389880952380952,Маркетплейсы
1579,2024-10-01,0.031847043336587,0.9315476190476191,Маркетплейсы
495,2023-12-01,0.031842455628557885,0.9166666666666666,Маркетплейсы
522,2023-04-01,0.031839640831539014,0.9107142857142857,Продовольствие
1858,2023-07-01,0.03183305033126619,0.933531746031746,Продовольствие
340,2023-07-01,0.03182944960917632,0.9330357142857143,Продовольствие
1124,2023-04-01,0.03182522381691558,0.910218253968254,Продовольствие
678,2024-10-01,0.03182390532880145,0.9310515873015873,Продовольствие
891,2024-06-01,0.03182100950215161,0.9375,Продовольствие
1291,2024-03-01,0.031811878870703,0.9608134920634921,Продовольствие
1425,2024-10-01,0.03180228912060514,0.9305555555555556,Продовольствие
916,2024-10-01,0.03180073450683505,0.9300595238095238,Продовольствие
1730,2024-04-01,0.03179858882757385,0.9384920634920635,Продовольствие
2268,2023-06-01,0.03179659045584858,0.9201388888888888,Продовольствие
1949,2024-08-01,0.03179438330159525,0.9290674603174603,Маркетплейсы
372,2023-12-01,0.03179380669811728,0.9161706349206349,Продовольствие
2436,2023-04-01,0.031791705771529975,0.9097222222222222,Продовольствие
1851,2023-05-01,0.031790430600992264,0.9330357142857143,Продовольствие
47,2024-05-01,0.03178364803625898,0.9290674603174603,Общественное питание
2388,2023-04-01,0.031779219258521424,0.9092261904761905,Продовольствие
1276,2024-02-01,0.03177882156425301,0.9389880952380952,Продовольствие
1426,2023-06-01,0.03177839605712232,0.9196428571428571,Продовольствие
2315,2023-12-01,0.03176739642970605,0.9151785714285714,Продовольствие
2052,2024-09-01,0.03176684255465551,0.9345238095238095,Продовольствие
1698,2023-10-01,0.03176537537795329,0.9131944444444444,Продовольствие
2112,2024-07-01,0.03176524739922471,0.9384920634920635,Маркетплейсы
808,2024-10-01,0.0317616975163207,0.9295634920634921,Продовольствие
336,2024-08-01,0.031758745835919776,0.9285714285714286,Продовольствие
361,2024-02-01,0.03175830778170873,0.9384920634920635,Маркетплейсы
1627,2024-09-01,0.03175786189105151,0.9340277777777778,Продовольствие
323,2023-09-01,0.03174840163321307,0.9201388888888888,Продовольствие
1725,2023-11-01,0.03174820376936538,0.9181547619047619,Продовольствие
1159,2024-10-01,0.03174712933429197,0.9290674603174603,Продовольствие
691,2024-05-01,0.0317267023728513,0.9285714285714286,Продовольствие
1062,2024-05-01,0.0317212694604278,0.9280753968253969,Продовольствие
1351,2024-10-01,0.03171758903966827,0.9285714285714286,Маркетплейсы
2182,2023-11-01,0.03171477664167862,0.9176587301587301,Продовольствие
1751,2023-07-01,0.03169338787171956,0.9325396825396826,Маркетплейсы
1731,2024-10-01,0.03168742765096834,0.9280753968253969,Маркетплейсы
1907,2024-08-01,0.03168420588754353,0.9280753968253969,Маркетплейсы
2196,2024-07-01,0.031676795817925985,0.9379960317460317,Продовольствие
408,2024-08-01,0.031675629190368926,0.9275793650793651,Продовольствие
851,2023-12-01,0.03166611923570283,0.9141865079365079,Продовольствие
1121,2023-08-01,0.031660965575987195,0.9310515873015873,Маркетплейсы
8,2024-09-01,0.03166092651878807,0.933531746031746,Продовольствие
2882,2024-10-01,0.03165335324699027,0.9275793650793651,Продовольствие
1584,2024-10-01,0.031639443636935785,0.9270833333333334,Маркетплейсы
46,2024-03-01,0.031629172586084865,0.9603174603174603,Продовольствие
314,2023-12-01,0.03162871019550117,0.9136904761904762,Продовольствие
1696,2023-09-01,0.03162460117659279,0.9191468253968254,Продовольствие
1559,2024-08-01,0.03160849239741908,0.9265873015873016,Продовольствие
2340,2023-12-01,0.03160295057853184,0.9131944444444444,Продовольствие
1305,2024-10-01,0.031602297894133005,0.9260912698412699,Маркетплейсы
335,2024-02-01,0.0315976123014415,0.9379960317460317,Продовольствие
1940,2024-02-01,0.03158749464898074,0.9375,Маркетплейсы
742,2024-06-01,0.03158494573797466,0.9370039682539683,Продовольствие
589,2024-02-01,0.031573959535437186,0.9370039682539683,Продовольствие
1741,2024-05-01,0.031562480941395944,0.9275793650793651,Продовольствие
338,2024-04-01,0.03155361886383322,0.9379960317460317,Продовольствие
324,2023-10-01,0.031549075245336546,0.9126984126984127,Продовольствие
1027,2024-10-01,0.03153935357293544,0.9246031746031746,Маркетплейсы
2500,2023-04-01,0.03153756287010067,0.9072420634920635,Продовольствие
1942,2023-10-01,0.03153355359871629,0.9122023809523809,Продовольствие
451,2023-11-01,0.03153236800353535,0.9171626984126984,Продовольствие
1256,2023-04-01,0.031520314613165255,0.9067460317460317,Продовольствие
852,2023-07-01,0.03150648490888538,0.9315476190476191,Продовольствие
243,2023-10-01,0.03150363439202234,0.9112103174603174,Продовольствие
491,2023-12-01,0.03150170057883981,0.9126984126984127,Маркетплейсы
1686,2024-08-01,0.031500576217633434,0.9255952380952381,Продовольствие
11,2023-11-01,0.03149887142614927,0.9161706349206349,Продовольствие
678,2023-05-01,0.031495016439134646,0.9320436507936508,Продовольствие
2073,2024-06-01,0.03149087535870556,0.9365079365079365,Продовольствие
288,2023-07-01,0.03148604956139509,0.9310515873015873,Маркетплейсы
1353,2023-06-01,0.03147994221901259,0.9176587301587301,Продовольствие
1425,2023-09-01,0.03146965027576114,0.9186507936507936,Маркетплейсы
2879,2024-05-01,0.03146622531661368,0.9270833333333334,Продовольствие
2512,2023-04-01,0.031462116404177475,0.90625,Продовольствие
1559,2024-06-01,0.03146112680508525,0.9360119047619048,Продовольствие
896,2023-04-01,0.03145963498191858,0.9057539682539683,Продовольствие
1788,2024-05-01,0.03145947917236729,0.9265873015873016,Продовольствие
395,2023-07-01,0.03145742959382368,0.9305555555555556,Продовольствие
304,2024-08-01,0.03145197239386565,0.9250992063492064,Продовольствие
301,2023-11-01,0.03144950728769123,0.9156746031746031,Продовольствие
541,2023-09-01,0.03144362672080746,0.9181547619047619,Продовольствие
1291,2024-11-01,0.0314412964655447,0.9221230158730159,Продовольствие
721,2023-07-01,0.03143827547386597,0.9300595238095238,Продовольствие
2489,2023-04-01,0.031434821669618376,0.9052579365079365,Продовольствие
2138,2024-03-01,0.031433265432127704,0.9598214285714286,Продовольствие
1691,2024-08-01,0.031426712794926585,0.9246031746031746,Маркетплейсы
1344,2023-10-01,0.03141997387513503,0.9107142857142857,Маркетплейсы
314,2024-02-01,0.031419405021084285,0.9360119047619048,Продовольствие
749,2023-07-01,0.031414861877227314,0.9295634920634921,Продовольствие
82,2023-07-01,0.03141072315692284,0.9290674603174603,Продовольствие
1635,2023-09-01,0.031399800985057694,0.9176587301587301,Маркетплейсы
230,2024-05-01,0.03139905295591877,0.9260912698412699,Транспорт
1261,2023-06-01,0.03139595791518451,0.9171626984126984,Продовольствие
1906,2023-09-01,0.03139571160516811,0.9171626984126984,Продовольствие
1068,2024-06-01,0.03138545158618531,0.935515873015873,Продовольствие
2476,2023-04-01,0.03137813782251995,0.9037698412698413,Продовольствие
619,2023-05-01,0.03137139603640045,0.9315476190476191,Продовольствие
882,2023-09-01,0.03136786846221209,0.9161706349206349,Продовольствие
2416,2023-04-01,0.03136610928132066,0.9032738095238095,Продовольствие
496,2024-02-01,0.03136078898858715,0.9350198412698413,Маркетплейсы
2134,2023-06-01,0.03136000936354755,0.9166666666666666,Продовольствие
336,2024-06-01,0.03135658360364599,0.9350198412698413,Продовольствие
290,2024-05-01,0.03135520487504518,0.9255952380952381,Продовольствие
847,2023-09-01,0.03135186166729625,0.9151785714285714,Продовольствие
1017,2023-10-01,0.0313467779181183,0.910218253968254,Продовольствие
1221,2023-12-01,0.03134232430115579,0.9117063492063492,Продовольствие
239,2023-04-01,0.03133610810575302,0.9027777777777778,Продовольствие
334,2024-04-01,0.03131860628692431,0.9370039682539683,Продовольствие
1725,2023-06-01,0.03131185706047327,0.9161706349206349,Продовольствие
491,2024-04-01,0.03130814919557854,0.9365079365079365,Здоровье
1762,2023-07-01,0.0313051154569997,0.9285714285714286,Маркетплейсы
1942,2024-02-01,0.03129948788538647,0.9340277777777778,Маркетплейсы
1396,2023-04-01,0.03129874979078428,0.902281746031746,Продовольствие
1958,2024-08-01,0.03129505549329881,0.9241071428571429,Продовольствие
2880,2024-11-01,0.0312875614971276,0.9216269841269841,Продовольствие
334,2023-12-01,0.031285147859572114,0.9112103174603174,Маркетплейсы
1664,2024-10-01,0.03126425652538573,0.9236111111111112,Продовольствие
1060,2023-05-01,0.03125386585822872,0.9305555555555556,Продовольствие
1210,2024-05-01,0.03125259977049408,0.9241071428571429,Продовольствие
2001,2024-09-01,0.03125237396189823,0.9330357142857143,Продовольствие
181,2024-07-01,0.03124068481603753,0.9360119047619048,Продовольствие
233,2023-08-01,0.031239787774295553,0.9305555555555556,Продовольствие
1750,2024-02-01,0.03123210380365883,0.933531746031746,Продовольствие
1431,2023-04-01,0.03122297560730435,0.9017857142857143,Продовольствие
791,2023-12-01,0.031222029433596414,0.9107142857142857,Продовольствие
1954,2024-09-01,0.031218910779401417,0.9325396825396826,Маркетплейсы
2067,2023-09-01,0.031218709974944765,0.9141865079365079,Продовольствие
2116,2024-03-01,0.031218398743994322,0.9583333333333334,Продовольствие
429,2023-10-01,0.03121445362166675,0.9092261904761905,Продовольствие
2254,2024-10-01,0.031212528441225254,0.9231150793650794,Продовольствие
2245,2024-10-01,0.031204891135818976,0.9226190476190477,Продовольствие
713,2024-04-01,0.031189263234020242,0.9350198412698413,Продовольствие
1002,2024-03-01,0.0311877902642095,0.9573412698412699,Продовольствие
550,2024-11-01,0.031180157389563513,0.9206349206349206,Продовольствие
2578,2023-04-01,0.031178534718677507,0.9007936507936508,Продовольствие
1650,2024-07-01,0.031176314627187802,0.9350198412698413,Продовольствие
1264,2024-02-01,0.03117022848866667,0.9330357142857143,Продовольствие
2134,2023-11-01,0.03116388500229908,0.9146825396825397,Продовольствие
1571,2024-02-01,0.031140841600316927,0.9325396825396826,Продовольствие
1430,2023-06-01,0.031132502467735898,0.9151785714285714,Продовольствие
1596,2023-09-01,0.031131857616623588,0.9136904761904762,Маркетплейсы
1309,2024-09-01,0.031125003799269944,0.9320436507936508,Продовольствие
323,2024-11-01,0.031117777198993175,0.9201388888888888,Продовольствие
403,2024-06-01,0.03111420880511134,0.9345238095238095,Продовольствие
1314,2024-11-01,0.031108052324171732,0.9196428571428571,Здоровье
691,2023-10-01,0.031104057968082677,0.9087301587301587,Продовольствие
1984,2024-05-01,0.031100942556270543,0.9236111111111112,Продовольствие
1276,2024-11-01,0.03109520450626515,0.9191468253968254,Продовольствие
2882,2023-07-01,0.03108446994970325,0.9275793650793651,Продовольствие
339,2023-06-01,0.031077652486638786,0.9146825396825397,Продовольствие
1569,2024-07-01,0.031076472594113072,0.9340277777777778,Маркетплейсы
1746,2024-07-01,0.03106547456957343,0.933531746031746,Продовольствие
583,2023-09-01,0.031058155821536954,0.9126984126984127,Продовольствие
1943,2023-09-01,0.03105407396999425,0.9122023809523809,Маркетплейсы
1959,2023-11-01,0.03105395299078971,0.9136904761904762,Маркетплейсы
1732,2023-12-01,0.031047110113624717,0.910218253968254,Продовольствие
1512,2023-05-01,0.03104498604263431,0.9290674603174603,Продовольствие
2323,2024-02-01,0.031039884788527913,0.9320436507936508,Продовольствие
588,2023-09-01,0.03103726704191003,0.9117063492063492,Продовольствие
309,2024-11-01,0.031035868418979273,0.9186507936507936,Продовольствие
401,2024-08-01,0.03102846389215628,0.9236111111111112,Продовольствие
78,2024-11-01,0.031028034541574788,0.9181547619047619,Маркетплейсы
2022,2023-06-01,0.031023270626795885,0.9141865079365079,Продовольствие
1287,2023-05-01,0.031021002417220202,0.9285714285714286,Продовольствие
787,2024-07-01,0.031019606155939045,0.9330357142857143,Продовольствие
1040,2024-10-01,0.0310184896183752,0.9221230158730159,Продовольствие
1871,2024-09-01,0.031016807743696494,0.9310515873015873,Маркетплейсы
321,2023-12-01,0.03101533822775278,0.9097222222222222,Продовольствие
493,2024-10-01,0.031012851767261124,0.9216269841269841,Маркетплейсы
537,2024-06-01,0.031012537223314963,0.9340277777777778,Продовольствие
283,2024-11-01,0.031007818131029388,0.9176587301587301,Маркетплейсы
2054,2024-10-01,0.03100453228822219,0.9211309523809523,Продовольствие
339,2023-09-01,0.03099891866947665,0.9107142857142857,Продовольствие
2254,2023-05-01,0.030996956812082654,0.9280753968253969,Продовольствие
423,2023-08-01,0.03099381597954506,0.9300595238095238,Продовольствие
1507,2023-05-01,0.03099141669504469,0.9275793650793651,Продовольствие
1049,2023-05-01,0.030988505593829346,0.9270833333333334,Продовольствие
69,2023-12-01,0.03098532957369683,0.9092261904761905,Продовольствие
437,2023-12-01,0.03097690733326262,0.908234126984127,Продовольствие
16,2023-08-01,0.030953484428376598,0.9295634920634921,Продовольствие
2057,2024-03-01,0.030951425833661242,0.9568452380952381,Маркетплейсы
496,2024-11-01,0.030927734578909266,0.9166666666666666,Маркетплейсы
19,2023-08-01,0.03092147763790297,0.9290674603174603,Маркетплейсы
1220,2024-10-01,0.030919903085388934,0.9201388888888888,Маркетплейсы
46,2023-06-01,0.0309171393913852,0.9131944444444444,Продовольствие
903,2024-10-01,0.030914801703810578,0.9196428571428571,Продовольствие
338,2024-06-01,0.03090797595950038,0.9330357142857143,Продовольствие
2069,2023-10-01,0.03090740779894367,0.9072420634920635,Маркетплейсы
923,2023-11-01,0.03090192408940243,0.9131944444444444,Продовольствие
1869,2023-11-01,0.03088262345797516,0.9126984126984127,Продовольствие
2157,2024-11-01,0.030879260827200973,0.9156746031746031,Продовольствие
564,2024-04-01,0.03087742705464118,0.9340277777777778,Продовольствие
1781,2024-04-01,0.03087616698822895,0.933531746031746,Продовольствие
2253,2023-12-01,0.030871792359230436,0.9072420634920635,Продовольствие
1943,2023-10-01,0.030869127652850183,0.9067460317460317,Маркетплейсы
447,2024-06-01,0.03086445300622783,0.9325396825396826,Продовольствие
416,2023-12-01,0.030857502521799494,0.9067460317460317,Продовольствие
227,2023-09-01,0.03084959521199584,0.910218253968254,Продовольствие
203,2024-11-01,0.0308438184301131,0.9151785714285714,Маркетплейсы
72,2024-03-01,0.03083496543466643,0.9563492063492064,Продовольствие
548,2024-04-01,0.030832211989330473,0.9330357142857143,Продовольствие
1275,2024-11-01,0.030827610749271032,0.9146825396825397,Продовольствие
1852,2024-08-01,0.030826455317654218,0.9231150793650794,Маркетплейсы
2329,2023-11-01,0.030818434972286195,0.9122023809523809,Продовольствие
615,2024-04-01,0.030816755678784717,0.9325396825396826,Продовольствие
556,2023-05-01,0.030815511104108618,0.9260912698412699,Продовольствие
1702,2024-05-01,0.030809708044794618,0.9226190476190477,Маркетплейсы
2023,2023-05-01,0.030809186120682747,0.9255952380952381,Продовольствие
715,2024-11-01,0.030803779739663695,0.9141865079365079,Маркетплейсы
2223,2024-09-01,0.030800292355602006,0.9305555555555556,Продовольствие
41,2023-06-01,0.030796731259371202,0.9126984126984127,Продовольствие
2114,2024-02-01,0.030795652171932277,0.9315476190476191,Маркетплейсы
343,2024-08-01,0.030776370945496418,0.9226190476190477,Продовольствие
433,2023-06-01,0.030772702462819226,0.9122023809523809,Продовольствие
1552,2023-10-01,0.030769490172851688,0.90625,Маркетплейсы
2248,2023-06-01,0.030762819966554836,0.9117063492063492,Продовольствие
1053,2024-11-01,0.0307573060916862,0.9136904761904762,Продовольствие
1431,2024-11-01,0.030756304235630402,0.9131944444444444,Продовольствие
2334,2024-03-01,0.03071736020370497,0.9558531746031746,Продовольствие
2305,2024-09-01,0.030703719231792145,0.9300595238095238,Продовольствие
2243,2023-05-01,0.030700996131483544,0.9250992063492064,Продовольствие
2204,2023-07-01,0.030697972898262735,0.9265873015873016,Продовольствие
2025,2024-11-01,0.030696045884027908,0.9126984126984127,Продовольствие
2223,2024-10-01,0.030695210866826052,0.9186507936507936,Продовольствие
496,2023-05-01,0.03068848637448645,0.9246031746031746,Маркетплейсы
230,2023-10-01,0.03066675263451109,0.9057539682539683,Продовольствие
2305,2023-08-01,0.030663851565543545,0.9275793650793651,Продовольствие
1865,2023-11-01,0.030658137360345106,0.9107142857142857,Продовольствие
1507,2024-05-01,0.03065536727370843,0.9206349206349206,Продовольствие
329,2024-09-01,0.030652204650042772,0.9295634920634921,Продовольствие
2593,2023-11-01,0.030649958844232144,0.910218253968254,Маркетплейсы
1589,2024-05-01,0.030639981484238132,0.9201388888888888,Продовольствие
1737,2023-10-01,0.030629429322072577,0.9052579365079365,Продовольствие
855,2024-05-01,0.030627348124211716,0.9196428571428571,Продовольствие
1679,2023-09-01,0.030622910133956852,0.908234126984127,Продовольствие
2349,2023-09-01,0.030619170769284252,0.9077380952380952,Продовольствие
2152,2024-11-01,0.03061583595049826,0.9122023809523809,Маркетплейсы
2245,2024-11-01,0.030612867870977806,0.9117063492063492,Продовольствие
34,2023-12-01,0.03060724379381611,0.9057539682539683,Продовольствие
2242,2023-11-01,0.03060628995985981,0.9097222222222222,Продовольствие
558,2024-09-01,0.03060575471405078,0.9290674603174603,Транспорт
2321,2024-04-01,0.03059894347328224,0.9310515873015873,Продовольствие
522,2024-08-01,0.03059749838739768,0.9216269841269841,Маркетплейсы
230,2023-09-01,0.030594736332844593,0.9072420634920635,Продовольствие
1907,2023-09-01,0.030574393183657393,0.9067460317460317,Продовольствие
1291,2023-07-01,0.030568325394398885,0.9260912698412699,Маркетплейсы
855,2023-11-01,0.030563144851232852,0.9092261904761905,Маркетплейсы
2145,2024-09-01,0.030557356272342906,0.9285714285714286,Маркетплейсы
2345,2023-09-01,0.03054764564020792,0.9057539682539683,Продовольствие
1691,2024-11-01,0.03054635822103556,0.9112103174603174,Маркетплейсы
2269,2024-03-01,0.030530173774591794,0.9548611111111112,Маркетплейсы
859,2024-09-01,0.030517764077414033,0.9280753968253969,Маркетплейсы
1715,2024-04-01,0.03051404422254751,0.9305555555555556,Продовольствие
1208,2023-11-01,0.030506657598908443,0.908234126984127,Продовольствие
2116,2023-08-01,0.030506319395662965,0.9265873015873016,Маркетплейсы
497,2023-05-01,0.030500702291408572,0.9236111111111112,Продовольствие
297,2023-06-01,0.030498152428660958,0.9107142857142857,Продовольствие
2100,2024-09-01,0.03049535895482655,0.9275793650793651,Продовольствие
1064,2023-09-01,0.03049165613439417,0.9052579365079365,Маркетплейсы
1269,2023-10-01,0.0304902596617441,0.904265873015873,Продовольствие
1962,2024-09-01,0.03048727794384396,0.9270833333333334,Продовольствие
2872,2024-11-01,0.030485995314459165,0.9107142857142857,Продовольствие
542,2024-02-01,0.030439416207609756,0.9310515873015873,Продовольствие
2116,2023-06-01,0.030438418339801127,0.9097222222222222,Продовольствие
361,2024-08-01,0.030433776409556176,0.9211309523809523,Продовольствие
1749,2023-08-01,0.03042187578834576,0.9260912698412699,Маркетплейсы
1590,2024-03-01,0.03042090879777741,0.9543650793650794,Продовольствие
314,2023-10-01,0.030417016661552818,0.9037698412698413,Продовольствие
1123,2024-08-01,0.030405179301112577,0.9206349206349206,Продовольствие
1962,2023-06-01,0.030402396830302745,0.9092261904761905,Продовольствие
228,2024-05-01,0.030396010302671944,0.9191468253968254,Продовольствие
2225,2023-09-01,0.030395866871412526,0.9047619047619048,Продовольствие
14,2024-06-01,0.03039583942042866,0.9310515873015873,Продовольствие
1674,2024-07-01,0.03039461811974795,0.9305555555555556,Продовольствие
2254,2024-06-01,0.03039305314417755,0.9305555555555556,Маркетплейсы
1323,2023-11-01,0.030391819061754945,0.9077380952380952,Продовольствие
687,2024-07-01,0.03038155936728997,0.9295634920634921,Продовольствие
484,2023-05-01,0.03036988517417657,0.9231150793650794,Маркетплейсы
318,2024-05-01,0.030367202398164816,0.9186507936507936,Продовольствие
2080,2023-10-01,0.03036633034580113,0.9027777777777778,Маркетплейсы
503,2024-02-01,0.030363819402598774,0.9305555555555556,Продовольствие
1732,2023-07-01,0.030361424337197303,0.9255952380952381,Продовольствие
1850,2023-09-01,0.03035877229242808,0.904265873015873,Транспорт
2,2024-08-01,0.030357835063372446,0.9201388888888888,Продовольствие
2197,2024-08-01,0.030350625796862363,0.9196428571428571,Продовольствие
2339,2024-09-01,0.030346045786306047,0.9265873015873016,Продовольствие
1975,2024-04-01,0.03034594977719836,0.9300595238095238,Маркетплейсы
2065,2024-07-01,0.0303445027229938,0.9290674603174603,Продовольствие
495,2024-06-01,0.03034326801850892,0.9300595238095238,Продовольствие
341,2024-08-01,0.03034023343213619,0.9191468253968254,Продовольствие
770,2024-05-01,0.030333520776194285,0.9176587301587301,Продовольствие
587,2023-08-01,0.03032405373788332,0.9250992063492064,Продовольствие
331,2023-05-01,0.03031908451608807,0.9221230158730159,Продовольствие
404,2023-05-01,0.030319071705906305,0.9216269841269841,Продовольствие
744,2023-08-01,0.030315410087453094,0.9246031746031746,Продовольствие
2,2024-03-01,0.03031106284371203,0.9538690476190477,Продовольствие
884,2024-10-01,0.03030358444870566,0.9166666666666666,Продовольствие
2348,2024-03-01,0.030301783012132565,0.9533730158730159,Продовольствие
341,2024-04-01,0.03029714748568124,0.9295634920634921,Продовольствие
335,2023-12-01,0.030296442292943492,0.9047619047619048,Маркетплейсы
2217,2024-09-01,0.030295211776525253,0.9260912698412699,Продовольствие
1196,2024-09-01,0.030283092664119236,0.9255952380952381,Продовольствие
560,2023-06-01,0.030274284075221942,0.9087301587301587,Продовольствие
1958,2024-09-01,0.030272021756041094,0.9250992063492064,Продовольствие
2208,2024-02-01,0.030271337049864504,0.9295634920634921,Продовольствие
1739,2024-08-01,0.030268205677925424,0.9186507936507936,Продовольствие
336,2023-06-01,0.030265787473740934,0.908234126984127,Продовольствие
2136,2024-11-01,0.03025525091070585,0.9092261904761905,Маркетплейсы
34,2023-10-01,0.030254989236030757,0.9017857142857143,Продовольствие
1698,2023-12-01,0.03025376669038593,0.904265873015873,Продовольствие
2055,2023-11-01,0.03025250785705334,0.90625,Маркетплейсы
1118,2023-11-01,0.030249584833378126,0.9057539682539683,Маркетплейсы
1780,2024-05-01,0.03024672689496042,0.9171626984126984,Продовольствие
1678,2023-07-01,0.030245126408903755,0.9250992063492064,Продовольствие
499,2023-07-01,0.030242359130017535,0.9246031746031746,Продовольствие
917,2024-05-01,0.030240099802083278,0.9166666666666666,Продовольствие
1596,2023-05-01,0.03022749591738159,0.9211309523809523,Маркетплейсы
1727,2023-08-01,0.03022570478915063,0.9241071428571429,Маркетплейсы
798,2023-11-01,0.030225615970395546,0.9047619047619048,Продовольствие
771,2023-07-01,0.03022097128003123,0.9241071428571429,Продовольствие
1961,2024-08-01,0.030218378348453884,0.9181547619047619,Продовольствие
1214,2024-04-01,0.030217972793786872,0.9290674603174603,Маркетплейсы
1849,2023-08-01,0.030206236011012362,0.9236111111111112,Продовольствие
586,2023-12-01,0.03020047936017046,0.9037698412698413,Продовольствие
309,2024-10-01,0.030197478065093118,0.9161706349206349,Продовольствие
2879,2024-09-01,0.030195587421600525,0.9246031746031746,Продовольствие
1121,2024-02-01,0.030190774737953785,0.9290674603174603,Маркетплейсы
615,2023-08-01,0.03017967270831353,0.9231150793650794,Продовольствие
1683,2024-05-01,0.03016847049398331,0.9161706349206349,Продовольствие
2882,2023-05-01,0.03014644576196945,0.9206349206349206,Продовольствие
726,2023-05-01,0.03014565599712882,0.9201388888888888,Продовольствие
1290,2024-10-01,0.030144997587732175,0.9156746031746031,Продовольствие
1718,2024-10-01,0.03014392060869918,0.9151785714285714,Маркетплейсы
2133,2023-08-01,0.03014304493861988,0.9226190476190477,Продовольствие
1351,2024-07-01,0.030141046612381844,0.9270833333333334,Продовольствие
1431,2023-06-01,0.03013977225937947,0.9077380952380952,Продовольствие
2216,2023-09-01,0.030134489513281102,0.9032738095238095,Продовольствие
1171,2024-05-01,0.03013191230855133,0.9156746031746031,Продовольствие
1133,2024-08-01,0.030125998253695895,0.9176587301587301,Продовольствие
854,2023-11-01,0.030122417132869065,0.904265873015873,Маркетплейсы
502,2024-02-01,0.030121434360927787,0.9280753968253969,Маркетплейсы
223,2023-07-01,0.030112790586817664,0.9231150793650794,Продовольствие
1546,2023-07-01,0.030109499576216683,0.9226190476190477,Продовольствие
2274,2024-08-01,0.03010669207163133,0.9171626984126984,Продовольствие
1269,2024-05-01,0.03009527601621968,0.9151785714285714,Продовольствие
1159,2023-06-01,0.03008693440845709,0.9072420634920635,Продовольствие
329,2023-05-01,0.030076819219534787,0.9196428571428571,Продовольствие
1520,2024-06-01,0.03006986753285549,0.9285714285714286,Продовольствие
292,2024-06-01,0.03006760922544479,0.9280753968253969,Продовольствие
2238,2023-10-01,0.030062543426588872,0.9002976190476191,Продовольствие
218,2024-09-01,0.030036831218022985,0.9241071428571429,Маркетплейсы
2598,2023-11-01,0.030028381991041856,0.9037698412698413,Продовольствие
696,2024-10-01,0.03001982343368262,0.9141865079365079,Продовольствие
889,2023-07-01,0.030007685056085618,0.9221230158730159,Маркетплейсы
925,2023-05-01,0.030004585773468394,0.9191468253968254,Маркетплейсы
1925,2023-08-01,0.030000376383794342,0.9221230158730159,Продовольствие
1033,2023-08-01,0.02999429490874281,0.9216269841269841,Маркетплейсы
323,2024-02-01,0.02998216108769758,0.9270833333333334,Продовольствие
1945,2024-02-01,0.02997867023225318,0.9265873015873016,Маркетплейсы
314,2024-11-01,0.02997845221994198,0.9077380952380952,Продовольствие
924,2024-08-01,0.029975469529764744,0.9166666666666666,Продовольствие
1506,2024-08-01,0.029958881404578305,0.9161706349206349,Продовольствие
490,2024-11-01,0.029955366713768767,0.9067460317460317,Продовольствие
72,2024-08-01,0.029948638337097273,0.9156746031746031,Продовольствие
1711,2023-08-01,0.029947414127389473,0.9206349206349206,Продовольствие
1124,2024-07-01,0.029939844931661595,0.9265873015873016,Продовольствие
314,2024-08-01,0.02993777541915827,0.9151785714285714,Продовольствие
1688,2024-07-01,0.02993158014850808,0.9260912698412699,Продовольствие
1222,2024-03-01,0.029927802796802815,0.9528769841269841,Продовольствие
2245,2023-09-01,0.029927199433751266,0.9027777777777778,Продовольствие
293,2024-02-01,0.029923382906630838,0.9255952380952381,Продовольствие
2267,2024-04-01,0.029922660520677595,0.9285714285714286,Продовольствие
1282,2023-12-01,0.029919250160305257,0.9027777777777778,Маркетплейсы
285,2023-09-01,0.029906002552068284,0.9017857142857143,Продовольствие
2606,2024-02-01,0.029901826414172578,0.9241071428571429,Маркетплейсы
606,2024-11-01,0.02989757770647661,0.90625,Продовольствие
20,2024-07-01,0.029893538696477203,0.9255952380952381,Продовольствие
334,2023-08-01,0.02988836546641615,0.9201388888888888,Продовольствие
413,2023-07-01,0.0298852988931254,0.9211309523809523,Продовольствие
1196,2023-11-01,0.029884749514174518,0.902281746031746,Продовольствие
1323,2023-09-01,0.02988134764126406,0.9012896825396826,Маркетплейсы
1857,2024-04-01,0.02987711741831663,0.9280753968253969,Продовольствие
2242,2024-10-01,0.029844089298298716,0.9136904761904762,Продовольствие
1322,2023-06-01,0.02984090049325306,0.9067460317460317,Продовольствие
282,2024-11-01,0.02983142089227305,0.9057539682539683,Маркетплейсы
792,2024-07-01,0.029828906792804102,0.9250992063492064,Продовольствие
1850,2023-08-01,0.029817837017424447,0.9191468253968254,Продовольствие
1680,2023-06-01,0.029817122045748747,0.90625,Продовольствие
314,2023-05-01,0.029792600801397052,0.9181547619047619,Продовольствие
61,2023-11-01,0.029786082291962147,0.9012896825396826,Продовольствие
798,2024-11-01,0.02977815477502871,0.9052579365079365,Продовольствие
1746,2023-11-01,0.029775496031748085,0.9002976190476191,Продовольствие
351,2023-06-01,0.02977109503235253,0.9057539682539683,Продовольствие
1662,2024-03-01,0.029768756834020336,0.9523809523809523,Маркетплейсы
1060,2024-03-01,0.02976533125787226,0.9518849206349206,Маркетплейсы
198,2024-04-01,0.029760652367253133,0.9275793650793651,Маркетплейсы
1722,2024-11-01,0.02975839803733997,0.9047619047619048,Продовольствие
306,2024-05-01,0.029755217164708542,0.9141865079365079,Маркетплейсы
1851,2024-02-01,0.029743943153413603,0.9236111111111112,Продовольствие
694,2023-05-01,0.02974340615131582,0.9176587301587301,Продовольствие
2323,2024-03-01,0.029739032716926832,0.9513888888888888,Маркетплейсы
34,2024-04-01,0.029738790627051714,0.9270833333333334,Продовольствие
1636,2024-02-01,0.02972596485067025,0.9231150793650794,Маркетплейсы
621,2024-09-01,0.029725673189757502,0.9231150793650794,Маркетплейсы
1970,2024-10-01,0.029724003254517732,0.9131944444444444,Продовольствие
173,2023-05-01,0.029717067143164192,0.9171626984126984,Продовольствие
542,2024-06-01,0.029709224701628192,0.9265873015873016,Продовольствие
1336,2023-12-01,0.029708816829890735,0.9017857142857143,Продовольствие
1287,2024-11-01,0.029705953315142114,0.904265873015873,Продовольствие
436,2024-11-01,0.029703062580300196,0.9037698412698413,Продовольствие
1122,2023-12-01,0.0297023875432377,0.9012896825396826,Продовольствие
428,2024-02-01,0.029699570115225074,0.9221230158730159,Продовольствие
619,2023-09-01,0.02969701108743014,0.9002976190476191,Маркетплейсы
14,2023-07-01,0.02968974060362044,0.9206349206349206,Продовольствие
30,2023-07-01,0.029687265968568615,0.9201388888888888,Продовольствие
1519,2024-08-01,0.0296702736475388,0.9131944444444444,Продовольствие
1267,2023-06-01,0.029670156751832433,0.9052579365079365,Продовольствие
1069,2023-07-01,0.029667706020362564,0.9196428571428571,Продовольствие
68,2023-05-01,0.029667586927218735,0.9161706349206349,Продовольствие
2339,2024-04-01,0.029666549505745942,0.9260912698412699,Продовольствие
1943,2024-06-01,0.029664502840553757,0.9260912698412699,Маркетплейсы
1220,2024-09-01,0.029656938507052255,0.9226190476190477,Маркетплейсы
41,2023-05-01,0.02964985367704427,0.9151785714285714,Продовольствие
228,2024-09-01,0.029648378965493383,0.9221230158730159,Продовольствие
1849,2024-09-01,0.029646645274883074,0.9216269841269841,Продовольствие
1760,2023-12-01,0.029627336694692502,0.9007936507936508,Продовольствие
788,2023-08-01,0.029617406371547705,0.9181547619047619,Общественное питание
1588,2024-04-01,0.02960894322189186,0.9255952380952381,Продовольствие
2241,2023-05-01,0.0296047985804718,0.9141865079365079,Продовольствие
208,2023-08-01,0.02959348237711031,0.9176587301587301,Продовольствие
917,2024-08-01,0.029593265668451163,0.9126984126984127,Продовольствие
395,2024-03-01,0.02959178260144265,0.9508928571428571,Продовольствие
1049,2023-07-01,0.029591064641216566,0.9191468253968254,Общественное питание
1511,2023-05-01,0.029583541257285313,0.9136904761904762,Продовольствие
2126,2024-04-01,0.029582522522121995,0.9250992063492064,Продовольствие
2087,2024-09-01,0.02957573203286613,0.9211309523809523,Маркетплейсы
1120,2023-07-01,0.02957269518638629,0.9186507936507936,Продовольствие
1509,2023-05-01,0.029570574330104977,0.9131944444444444,Продовольствие
168,2023-06-01,0.029564554024103774,0.9037698412698413,Продовольствие
787,2024-08-01,0.029564056480451555,0.9122023809523809,Маркетплейсы
2327,2024-08-01,0.029559551477039994,0.9117063492063492,Продовольствие
1870,2024-10-01,0.02955651561942291,0.9122023809523809,Продовольствие
203,2024-07-01,0.029549872691581675,0.9236111111111112,Продовольствие
46,2024-04-01,0.02954953291803412,0.9246031746031746,Продовольствие
753,2024-02-01,0.029546631988184368,0.9216269841269841,Продовольствие
221,2024-08-01,0.029543281134139898,0.9112103174603174,Продовольствие
231,2024-05-01,0.029535489553194672,0.9122023809523809,Продовольствие
2091,2024-07-01,0.029524119792304217,0.9231150793650794,Продовольствие
557,2024-08-01,0.029521419597078033,0.9107142857142857,Продовольствие
2321,2024-08-01,0.029519576999642916,0.910218253968254,Маркетплейсы
1512,2023-08-01,0.029505450573042317,0.9166666666666666,Продовольствие
1742,2024-04-01,0.02950016157169622,0.9241071428571429,Продовольствие
324,2023-07-01,0.029499171540451567,0.9181547619047619,Продовольствие
621,2023-06-01,0.029490529223529564,0.9027777777777778,Продовольствие
1038,2024-04-01,0.02949028969998198,0.9236111111111112,Маркетплейсы
1159,2023-08-01,0.02948658120603227,0.9156746031746031,Продовольствие
18,2024-04-01,0.029485477396183783,0.9231150793650794,Продовольствие
320,2023-06-01,0.029471287947657215,0.902281746031746,Продовольствие
2265,2024-05-01,0.029468116643127668,0.9112103174603174,Продовольствие
13,2023-08-01,0.029465189547599472,0.9151785714285714,Продовольствие
2093,2024-11-01,0.029462764533030022,0.9032738095238095,Продовольствие
853,2023-06-01,0.029461156960470632,0.9017857142857143,Продовольствие
396,2024-03-01,0.02945703411483979,0.9503968253968254,Продовольствие
455,2023-05-01,0.02945214736969514,0.9126984126984127,Продовольствие
398,2024-11-01,0.02944702747034079,0.9027777777777778,Продовольствие
831,2024-10-01,0.029438520922533625,0.9112103174603174,Маркетплейсы
416,2023-05-01,0.029434695800557582,0.9122023809523809,Продовольствие
1728,2024-04-01,0.029434039959360375,0.9226190476190477,Продовольствие
1064,2023-07-01,0.029428903620816273,0.9166666666666666,Маркетплейсы
403,2024-07-01,0.029427643919676727,0.9226190476190477,Маркетплейсы
1984,2024-03-01,0.029410847207397315,0.9499007936507936,Продовольствие
458,2024-08-01,0.02940335658519424,0.908234126984127,Продовольствие
2022,2024-03-01,0.02940151228292981,0.9494047619047619,Маркетплейсы
491,2024-10-01,0.029401066813087497,0.9107142857142857,Продовольствие
347,2024-11-01,0.029399148539644888,0.9017857142857143,Продовольствие
2066,2024-04-01,0.029398829365782468,0.9221230158730159,Продовольствие
715,2024-10-01,0.02939261698638942,0.910218253968254,Продовольствие
1718,2023-08-01,0.029379688699684405,0.9146825396825397,Продовольствие
1201,2024-10-01,0.029368132084918286,0.9097222222222222,Продовольствие
47,2024-06-01,0.02935118808785685,0.9255952380952381,Общественное питание
2217,2023-06-01,0.02934919777067136,0.9012896825396826,Продовольствие
376,2024-05-01,0.02933792185303351,0.910218253968254,Здоровье
225,2024-08-01,0.029332232886644525,0.9077380952380952,Продовольствие
2223,2023-06-01,0.02932882591814735,0.9007936507936508,Продовольствие
1855,2024-06-01,0.029327305537987906,0.9250992063492064,Маркетплейсы
1504,2024-02-01,0.02932713061086039,0.9206349206349206,Продовольствие
1923,2024-11-01,0.02932689105250167,0.9012896825396826,Маркетплейсы
361,2023-08-01,0.029325948188624218,0.9141865079365079,Продовольствие
1330,2024-03-01,0.0293244750330064,0.9489087301587301,Продовольствие
184,2024-08-01,0.029321164007059048,0.9072420634920635,Маркетплейсы
1757,2024-09-01,0.0293204264279963,0.9206349206349206,Маркетплейсы
1067,2023-06-01,0.02930654907848844,0.9002976190476191,Продовольствие
402,2024-02-01,0.0292928507209475,0.9201388888888888,Маркетплейсы
713,2024-06-01,0.02929264544457934,0.9246031746031746,Продовольствие
325,2024-08-01,0.02929030247345845,0.9067460317460317,Продовольствие
2160,2024-02-01,0.02927976723784757,0.9196428571428571,Маркетплейсы
2242,2024-09-01,0.029279540641351142,0.9201388888888888,Продовольствие
1785,2024-05-01,0.029273845553204256,0.9097222222222222,Продовольствие
1857,2024-02-01,0.029254688501090826,0.9191468253968254,Маркетплейсы
437,2023-07-01,0.029246387305761717,0.9161706349206349,Продовольствие
1937,2024-02-01,0.029237609757312065,0.9186507936507936,Маркетплейсы
491,2024-09-01,0.029236012899999105,0.9196428571428571,Продовольствие
1335,2023-08-01,0.02923470676852724,0.9122023809523809,Продовольствие
1601,2023-05-01,0.02922061135979264,0.9112103174603174,Продовольствие
1118,2024-07-01,0.029200748741815344,0.9196428571428571,Продовольствие
185,2024-11-01,0.02919924833024817,0.9002976190476191,Здоровье
836,2024-05-01,0.029191318095602367,0.9092261904761905,Продовольствие
1641,2024-05-01,0.029187901383080958,0.9087301587301587,Продовольствие
570,2024-05-01,0.029187290888195955,0.908234126984127,Продовольствие
316,2024-08-01,0.029186813787441018,0.90625,Продовольствие
285,2024-02-01,0.029179778840337078,0.9181547619047619,Продовольствие
1195,2024-07-01,0.0291769472859328,0.9186507936507936,Маркетплейсы
1850,2024-10-01,0.029157888705796706,0.9092261904761905,Продовольствие
1277,2024-06-01,0.029156278542621948,0.9236111111111112,Продовольствие
1522,2024-06-01,0.029138194303590832,0.9231150793650794,Продовольствие
829,2024-02-01,0.029138087106941293,0.9176587301587301,Маркетплейсы
195,2024-05-01,0.029137190419300206,0.9077380952380952,Продовольствие
1750,2024-03-01,0.029136065799358367,0.9484126984126984,Продовольствие
302,2024-08-01,0.0291319270325191,0.9057539682539683,Маркетплейсы
2049,2023-08-01,0.029127310322825735,0.9117063492063492,Маркетплейсы
191,2024-05-01,0.02911837535831654,0.9072420634920635,Продовольствие
1731,2024-03-01,0.029113305053480202,0.9479166666666666,Маркетплейсы
1584,2024-07-01,0.029112791034654258,0.9176587301587301,Маркетплейсы
402,2024-08-01,0.02910468148305625,0.9052579365079365,Транспорт
2218,2024-05-01,0.029103911648631235,0.9067460317460317,Продовольствие
2882,2024-06-01,0.029087087058212144,0.9226190476190477,Продовольствие
347,2024-06-01,0.029079486089463476,0.9221230158730159,Маркетплейсы
340,2024-02-01,0.029050957998567727,0.9166666666666666,Продовольствие
2271,2023-08-01,0.029042539145795795,0.9112103174603174,Продовольствие
2323,2023-05-01,0.02904041487862977,0.9107142857142857,Маркетплейсы
306,2023-05-01,0.02903765931578088,0.910218253968254,Маркетплейсы
1902,2023-08-01,0.029034930527305828,0.9107142857142857,Продовольствие
1850,2024-03-01,0.029018018450548654,0.9469246031746031,Маркетплейсы
902,2024-05-01,0.029016823006769665,0.9057539682539683,Продовольствие
1149,2023-08-01,0.029010859509743823,0.910218253968254,Продовольствие
1122,2024-04-01,0.028994593705617064,0.9216269841269841,Здоровье
1894,2023-05-01,0.028992409090007956,0.9097222222222222,Маркетплейсы
70,2024-09-01,0.028989177486642773,0.9191468253968254,Маркетплейсы
882,2024-05-01,0.02898296733433376,0.9052579365079365,Продовольствие
1057,2024-07-01,0.028982305898267554,0.9166666666666666,Маркетплейсы
227,2024-05-01,0.02897893656712508,0.9047619047619048,Продовольствие
1769,2023-08-01,0.028973852841606244,0.9097222222222222,Продовольствие
395,2023-08-01,0.0289720040566179,0.9092261904761905,Маркетплейсы
1989,2024-05-01,0.028968741125992768,0.904265873015873,Продовольствие
1732,2023-08-01,0.02896262244774358,0.9087301587301587,Продовольствие
1606,2024-02-01,0.028956110735166907,0.9156746031746031,Продовольствие
1680,2023-05-01,0.028954890009668353,0.9092261904761905,Маркетплейсы
1430,2024-09-01,0.02895165276484884,0.9186507936507936,Продовольствие
1336,2024-07-01,0.028951167770285075,0.9161706349206349,Маркетплейсы
78,2024-10-01,0.02894993023050545,0.9087301587301587,Продовольствие
1349,2023-08-01,0.028947057160821257,0.908234126984127,Маркетплейсы
361,2024-04-01,0.028936338883920193,0.9211309523809523,Продовольствие
1681,2024-04-01,0.028935560216807897,0.9206349206349206,Маркетплейсы
11,2023-07-01,0.02893421703295037,0.9146825396825397,Продовольствие
492,2024-07-01,0.028932913180939355,0.9156746031746031,Маркетплейсы
2233,2024-05-01,0.028926068253705216,0.9037698412698413,Продовольствие
796,2024-06-01,0.028923998472543754,0.9216269841269841,Продовольствие
277,2024-10-01,0.028922077608557337,0.908234126984127,Маркетплейсы
1222,2023-08-01,0.02891740632574965,0.9077380952380952,Продовольствие
687,2024-02-01,0.028909139455993008,0.9146825396825397,Маркетплейсы
408,2024-04-01,0.028902247840565942,0.9201388888888888,Маркетплейсы
402,2024-03-01,0.028901256849589538,0.9464285714285714,Продовольствие
11,2023-05-01,0.028899442215837207,0.9087301587301587,Продовольствие
1849,2024-07-01,0.028890598750669235,0.9146825396825397,Продовольствие
31,2024-03-01,0.028887227144648073,0.9459325396825397,Продовольствие
2879,2024-07-01,0.02888439004846118,0.9141865079365079,Продовольствие
586,2024-06-01,0.028882563030789593,0.9211309523809523,Продовольствие
243,2024-08-01,0.028851258766140038,0.9037698412698413,Продовольствие
2052,2024-10-01,0.028846820623101635,0.9077380952380952,Маркетплейсы
1910,2024-09-01,0.028836479325146835,0.9181547619047619,Продовольствие
2130,2024-07-01,0.028832274319106867,0.9136904761904762,Маркетплейсы
2082,2024-05-01,0.028817280848093832,0.9027777777777778,Продовольствие
297,2024-10-01,0.02881029479088902,0.9072420634920635,Продовольствие
2176,2023-05-01,0.028808940689173976,0.908234126984127,Продовольствие
414,2024-06-01,0.02880818442682786,0.9201388888888888,Маркетплейсы
349,2024-04-01,0.028790390202307517,0.9196428571428571,Маркетплейсы
1067,2023-05-01,0.028788513007677253,0.9077380952380952,Продовольствие
2205,2024-09-01,0.028786075630546023,0.9176587301587301,Маркетплейсы
1686,2024-06-01,0.028773521865973782,0.9196428571428571,Маркетплейсы
566,2024-02-01,0.02877264747934627,0.9136904761904762,Продовольствие
1059,2024-05-01,0.028747433369468264,0.902281746031746,Продовольствие
1613,2024-02-01,0.028739415850988225,0.9131944444444444,Продовольствие
1508,2024-05-01,0.028731193654552904,0.9017857142857143,Продовольствие
1194,2024-05-01,0.02873059587585759,0.9012896825396826,Продовольствие
1214,2023-08-01,0.028727391675715183,0.90625,Маркетплейсы
1024,2023-07-01,0.028714836797156026,0.9131944444444444,Продовольствие
1033,2024-03-01,0.028713101372698845,0.9449404761904762,Маркетплейсы
903,2024-03-01,0.028712943849143597,0.9444444444444444,Продовольствие
1227,2023-05-01,0.028710125296765112,0.9072420634920635,Продовольствие
185,2024-05-01,0.02869853874138736,0.9007936507936508,Маркетплейсы
917,2024-06-01,0.028686875457065455,0.9191468253968254,Продовольствие
436,2024-10-01,0.028680973366156947,0.9067460317460317,Продовольствие
2054,2024-02-01,0.028671095522655243,0.9126984126984127,Маркетплейсы
225,2024-09-01,0.028656936540926575,0.9166666666666666,Продовольствие
1330,2024-04-01,0.028651812141483504,0.9176587301587301,Маркетплейсы
338,2024-02-01,0.028650300107796733,0.9122023809523809,Продовольствие
2309,2023-07-01,0.028647934646800634,0.9117063492063492,Продовольствие
195,2024-03-01,0.02864703000710305,0.9439484126984127,Продовольствие
329,2024-05-01,0.028641587868054708,0.9002976190476191,Продовольствие
2145,2024-03-01,0.02862769376797999,0.9434523809523809,Продовольствие
1584,2024-02-01,0.028594917042113015,0.9112103174603174,Продовольствие
1305,2024-06-01,0.02858720044182463,0.9186507936507936,Продовольствие
2607,2024-06-01,0.028550665771922754,0.9181547619047619,Продовольствие
2879,2024-06-01,0.02854944426729731,0.9176587301587301,Продовольствие
2156,2023-05-01,0.028545587343238147,0.9052579365079365,Продовольствие
1325,2024-10-01,0.028530958900906612,0.90625,Продовольствие
1912,2024-07-01,0.028506008224185444,0.9122023809523809,Продовольствие
11,2024-06-01,0.02849748216269326,0.9166666666666666,Продовольствие
1129,2024-06-01,0.02848651839941901,0.9161706349206349,Продовольствие
521,2023-08-01,0.028476761189309214,0.9052579365079365,Продовольствие
80,2023-08-01,0.02847186252590389,0.9047619047619048,Продовольствие
72,2024-02-01,0.028466390412368765,0.9107142857142857,Продовольствие
346,2023-07-01,0.0284620463370373,0.9112103174603174,Общественное питание
1657,2024-02-01,0.02845219326024269,0.910218253968254,Маркетплейсы
218,2024-04-01,0.02845128982501225,0.9171626984126984,Продовольствие
2057,2024-04-01,0.028447714661165843,0.9166666666666666,Продовольствие
582,2023-05-01,0.02844350300166175,0.9047619047619048,Продовольствие
593,2024-04-01,0.028436600298838464,0.9161706349206349,Маркетплейсы
494,2023-08-01,0.028424180228122004,0.9037698412698413,Продовольствие
2069,2024-03-01,0.02841890058517809,0.9429563492063492,Маркетплейсы
1872,2023-07-01,0.028409622239399267,0.9107142857142857,Продовольствие
2093,2023-05-01,0.02840801261460182,0.9037698412698413,Продовольствие
1064,2023-08-01,0.02839945148621841,0.9032738095238095,Продовольствие
606,2024-08-01,0.02839790284193918,0.9017857142857143,Продовольствие
2343,2024-02-01,0.028389455856947944,0.9092261904761905,Продовольствие
884,2024-08-01,0.0283853183169978,0.9012896825396826,Продовольствие
484,2023-08-01,0.028375073219247576,0.9027777777777778,Маркетплейсы
797,2024-02-01,0.028366190313653294,0.9087301587301587,Продовольствие
491,2024-08-01,0.028365389935033247,0.9007936507936508,Маркетплейсы
2081,2024-10-01,0.0283389328870356,0.9057539682539683,Маркетплейсы
428,2023-07-01,0.028337415001846725,0.910218253968254,Маркетплейсы
1507,2024-08-01,0.028334797863361308,0.9002976190476191,Продовольствие
1267,2024-06-01,0.02831532867288233,0.9151785714285714,Продовольствие
78,2024-06-01,0.02829991578288908,0.9146825396825397,Продовольствие
342,2024-07-01,0.028290189796618175,0.9107142857142857,Продовольствие
191,2024-07-01,0.028287017929027516,0.910218253968254,Здоровье
515,2024-10-01,0.028276206133544392,0.9052579365079365,Маркетплейсы
20,2024-09-01,0.02827123417025006,0.9146825396825397,Продовольствие
1593,2024-06-01,0.028267833743630254,0.9141865079365079,Продовольствие
2227,2023-05-01,0.02826013965362363,0.902281746031746,Продовольствие
1915,2023-07-01,0.028257764783134805,0.9097222222222222,Продовольствие
1314,2024-06-01,0.028257166719592115,0.9136904761904762,Продовольствие
1732,2024-06-01,0.028248698488409142,0.9131944444444444,Маркетплейсы
1685,2024-06-01,0.028246061539458283,0.9126984126984127,Продовольствие
2078,2024-10-01,0.028239355689438313,0.9047619047619048,Продовольствие
2248,2024-02-01,0.028232797718412406,0.9077380952380952,Продовольствие
1510,2023-08-01,0.02822738574897254,0.9012896825396826,Продовольствие
325,2024-09-01,0.02822655399819771,0.9141865079365079,Продовольствие
2094,2024-10-01,0.028221158522482685,0.904265873015873,Маркетплейсы
1272,2023-05-01,0.028218714248466264,0.9017857142857143,Продовольствие
2243,2024-09-01,0.028216667813941783,0.9136904761904762,Продовольствие
232,2024-03-01,0.028153306885146036,0.9424603174603174,Маркетплейсы
72,2023-05-01,0.02814897820387982,0.9012896825396826,Продовольствие
2241,2024-10-01,0.028127852638120867,0.9037698412698413,Продовольствие
1310,2023-05-01,0.028119143709886642,0.9007936507936508,Продовольствие
1521,2023-05-01,0.028103569530441335,0.9002976190476191,Продовольствие
1483,2024-07-01,0.028103088324531303,0.9092261904761905,Маркетплейсы
2143,2024-02-01,0.02809659558145907,0.90625,Маркетплейсы
1154,2024-10-01,0.028093973008654172,0.9032738095238095,Продовольствие
602,2024-02-01,0.028093652066013865,0.9057539682539683,Маркетплейсы
502,2023-08-01,0.02809148738875078,0.9002976190476191,Транспорт
541,2024-02-01,0.028084594685736954,0.9052579365079365,Продовольствие
1217,2024-03-01,0.028064915481629284,0.9419642857142857,Маркетплейсы
1210,2024-10-01,0.028054710748997777,0.9027777777777778,Маркетплейсы
1419,2024-04-01,0.02804842080951411,0.9136904761904762,Продовольствие
1870,2024-09-01,0.028039771315822186,0.9131944444444444,Маркетплейсы
20,2024-02-01,0.02803827119261789,0.904265873015873,Продовольствие
2270,2024-10-01,0.02803730054555264,0.902281746031746,Продовольствие
1309,2024-03-01,0.028021021301880923,0.941468253968254,Продовольствие
736,2024-03-01,0.028006000229831615,0.9409722222222222,Продовольствие
616,2024-09-01,0.02800547997991135,0.9122023809523809,Продовольствие
592,2023-07-01,0.02799196845326305,0.9087301587301587,Продовольствие
994,2024-02-01,0.027986586226588773,0.9037698412698413,Продовольствие
1923,2023-07-01,0.027979973759975997,0.908234126984127,Продовольствие
185,2024-10-01,0.027964404472979803,0.9017857142857143,Маркетплейсы
1893,2023-07-01,0.027956626568312402,0.9077380952380952,Продовольствие
1121,2023-07-01,0.027953757551447574,0.9072420634920635,Продовольствие
1143,2024-02-01,0.027931671747634473,0.9032738095238095,Маркетплейсы
1774,2024-06-01,0.027930534072380966,0.9117063492063492,Продовольствие
1069,2024-07-01,0.027922110049146368,0.908234126984127,Продовольствие
15,2024-07-01,0.027919603357199937,0.9077380952380952,Продовольствие
546,2024-03-01,0.027910739044053223,0.939484126984127,Продовольствие
1989,2024-02-01,0.02789658306753127,0.9027777777777778,Маркетплейсы
1208,2023-07-01,0.027885505684944127,0.9067460317460317,Продовольствие
2879,2024-03-01,0.02788377056034851,0.9389880952380952,Продовольствие
78,2024-07-01,0.027880890539561245,0.9072420634920635,Маркетплейсы
1559,2023-07-01,0.027877752775925132,0.90625,Продовольствие
1191,2024-06-01,0.027874001273154217,0.9112103174603174,Продовольствие
70,2024-07-01,0.027873917705017705,0.9067460317460317,Маркетплейсы
447,2024-04-01,0.027868317866257864,0.9131944444444444,Продовольствие
2321,2024-06-01,0.027867341762357657,0.9107142857142857,Маркетплейсы
1849,2024-03-01,0.027861999363954056,0.9384920634920635,Продовольствие
1851,2024-04-01,0.0278604559984439,0.9126984126984127,Продовольствие
1766,2024-04-01,0.02785046478048779,0.9122023809523809,Продовольствие
2067,2024-06-01,0.02784867920074536,0.910218253968254,Продовольствие
606,2024-07-01,0.027833907798764955,0.9057539682539683,Продовольствие
1210,2024-04-01,0.027809870219504956,0.9117063492063492,Продовольствие
2305,2024-06-01,0.027808983132387208,0.9097222222222222,Маркетплейсы
1751,2024-07-01,0.027805602657057227,0.9052579365079365,Продовольствие
1688,2024-02-01,0.027785273009767873,0.902281746031746,Продовольствие
925,2024-02-01,0.027784859334130288,0.9017857142857143,Маркетплейсы
1893,2024-09-01,0.027774440334658857,0.9112103174603174,Маркетплейсы
1194,2024-09-01,0.027771166227163427,0.9107142857142857,Продовольствие
1749,2024-09-01,0.027769407467332835,0.910218253968254,Продовольствие
2245,2023-07-01,0.027763069252463482,0.9057539682539683,Продовольствие
72,2024-07-01,0.02774235025461922,0.9047619047619048,Маркетплейсы
276,2024-10-01,0.027731806145541583,0.9007936507936508,Маркетплейсы
2607,2024-04-01,0.02772694508507756,0.9112103174603174,Продовольствие
1030,2024-09-01,0.027718115285037457,0.9097222222222222,Маркетплейсы
2112,2023-07-01,0.027716621672131844,0.9052579365079365,Маркетплейсы
1907,2024-02-01,0.02769672746329737,0.9012896825396826,Маркетплейсы
62,2024-02-01,0.027689991678274007,0.9007936507936508,Маркетплейсы
393,2024-10-01,0.027680348533473217,0.9002976190476191,Продовольствие
1651,2024-02-01,0.027673667058541986,0.9002976190476191,Продовольствие
836,2024-06-01,0.027665991525416933,0.9092261904761905,Продовольствие
2242,2024-06-01,0.027663295680630955,0.9087301587301587,Продовольствие
859,2023-07-01,0.027633930843954598,0.9047619047619048,Продовольствие
1337,2024-03-01,0.02763203876291099,0.9375,Продовольствие
1029,2024-04-01,0.02762519713106322,0.9107142857142857,Маркетплейсы
398,2024-04-01,0.02761879488092651,0.910218253968254,Продовольствие
1625,2023-07-01,0.0275527478670773,0.904265873015873,Продовольствие
2054,2024-07-01,0.027540384305557775,0.9037698412698413,Продовольствие
1761,2023-07-01,0.027539937647612894,0.9037698412698413,Маркетплейсы
2601,2024-06-01,0.02753958504997184,0.908234126984127,Продовольствие
1760,2024-07-01,0.02747985989309788,0.9032738095238095,Продовольствие
205,2024-04-01,0.027476098630530955,0.9087301587301587,Продовольствие
1293,2023-07-01,0.027470952118819787,0.9032738095238095,Продовольствие
2116,2024-09-01,0.027459914241338167,0.9087301587301587,Продовольствие
1276,2024-09-01,0.027459220966342568,0.908234126984127,Продовольствие
621,2024-04-01,0.02745236244238254,0.9077380952380952,Продовольствие
376,2024-06-01,0.027442413279262525,0.9077380952380952,Продовольствие
2216,2024-09-01,0.027436380023355775,0.9077380952380952,Продовольствие
321,2024-06-01,0.02742537273858354,0.9072420634920635,Маркетплейсы
1851,2024-07-01,0.02741879179359586,0.9007936507936508,Продовольствие
392,2024-09-01,0.027409100177461832,0.9067460317460317,Продовольствие
2081,2024-03-01,0.027392418104331875,0.9365079365079365,Маркетплейсы
1355,2024-04-01,0.027358741545901212,0.9072420634920635,Продовольствие
240,2024-06-01,0.027334847886474212,0.9067460317460317,Продовольствие
1064,2024-06-01,0.027331810650542968,0.90625,Продовольствие
1129,2024-03-01,0.027330953363895634,0.9360119047619048,Продовольствие
305,2024-07-01,0.027328883410980494,0.9002976190476191,Маркетплейсы
1349,2023-07-01,0.027284226899798033,0.9027777777777778,Продовольствие
1959,2024-04-01,0.027263687308249802,0.90625,Продовольствие
1214,2023-07-01,0.027249471677831653,0.902281746031746,Продовольствие
578,2024-04-01,0.02722073101875586,0.9052579365079365,Продовольствие
502,2023-07-01,0.02720773703414952,0.9017857142857143,Продовольствие
370,2024-03-01,0.027202450365104807,0.9350198412698413,Маркетплейсы
2116,2024-04-01,0.027192292328960022,0.9047619047619048,Маркетплейсы
376,2024-03-01,0.027168079767198445,0.9345238095238095,Маркетплейсы
1265,2024-04-01,0.02715659728879676,0.904265873015873,Продовольствие
343,2024-09-01,0.027133246123800935,0.9052579365079365,Продовольствие
503,2024-03-01,0.02712098518649333,0.933531746031746,Маркетплейсы
2253,2024-04-01,0.027101606263749238,0.9037698412698413,Продовольствие
3,2024-04-01,0.027067067129935972,0.9032738095238095,Продовольствие
1706,2023-07-01,0.02706229451340293,0.9012896825396826,Продовольствие
18,2024-03-01,0.02704110017740173,0.9330357142857143,Маркетплейсы
493,2024-06-01,0.027036721630508367,0.9052579365079365,Маркетплейсы
1733,2024-06-01,0.027032014944780754,0.9047619047619048,Продовольствие
416,2024-09-01,0.02701649065581114,0.9047619047619048,Маркетплейсы
541,2024-03-01,0.02701339428834383,0.9325396825396826,Продовольствие
1058,2024-04-01,0.027002159439308452,0.902281746031746,Продовольствие
1324,2024-09-01,0.027000852952763697,0.904265873015873,Продовольствие
337,2024-04-01,0.026964492723703035,0.9017857142857143,Маркетплейсы
2206,2024-06-01,0.026943625983652866,0.9037698412698413,Маркетплейсы
1201,2024-03-01,0.026913325297319463,0.9305555555555556,Продовольствие
1933,2024-09-01,0.026912188141104267,0.9037698412698413,Маркетплейсы
305,2024-06-01,0.026912038601815454,0.9032738095238095,Продовольствие
1291,2024-09-01,0.026911311870264396,0.9032738095238095,Транспорт
2023,2024-03-01,0.026867581859649475,0.9300595238095238,Продовольствие
882,2024-03-01,0.026848321961806688,0.9295634920634921,Маркетплейсы
323,2024-03-01,0.026829436333001687,0.9290674603174603,Продовольствие
2143,2024-09-01,0.02681179850482701,0.9027777777777778,Маркетплейсы
1957,2024-06-01,0.026808328980007255,0.9027777777777778,Продовольствие
1027,2024-04-01,0.026799922223465316,0.9012896825396826,Маркетплейсы
1276,2024-03-01,0.026799279250234776,0.9285714285714286,Продовольствие
2342,2024-03-01,0.026763753674944407,0.9280753968253969,Маркетплейсы
1954,2024-06-01,0.026758258209788575,0.902281746031746,Продовольствие
2043,2024-09-01,0.026756930718036663,0.9017857142857143,Продовольствие
773,2024-06-01,0.02674031562459656,0.9017857142857143,Продовольствие
1901,2024-06-01,0.026734400750405903,0.9012896825396826,Продовольствие
1339,2024-03-01,0.02673273812562164,0.9275793650793651,Продовольствие
678,2024-09-01,0.026719640501126716,0.9012896825396826,Маркетплейсы
523,2024-03-01,0.02671192130208486,0.9270833333333334,Продовольствие
1660,2024-09-01,0.026711054603374508,0.9007936507936508,Транспорт
619,2024-09-01,0.02670932141802695,0.9002976190476191,Маркетплейсы
1933,2024-06-01,0.026648957691788232,0.9007936507936508,Маркетплейсы
2207,2024-03-01,0.026640476940668754,0.9265873015873016,Маркетплейсы
879,2024-06-01,0.026625035082682505,0.9002976190476191,Маркетплейсы
1322,2024-03-01,0.02649669414080498,0.9260912698412699,Маркетплейсы
879,2024-03-01,0.026466711296405203,0.9250992063492064,Маркетплейсы
196,2024-03-01,0.026410912107864386,0.9246031746031746,Продовольствие
1355,2024-03-01,0.026321845776522544,0.9231150793650794,Маркетплейсы
1040,2024-03-01,0.026293149427153936,0.9226190476190477,Продовольствие
1205,2024-03-01,0.026271909211343116,0.9221230158730159,Продовольствие
1293,2024-03-01,0.026014003334038974,0.9206349206349206,Продовольствие
334,2024-03-01,0.026004303621081963,0.9201388888888888,Продовольствие
1681,2024-03-01,0.025997639794516296,0.9196428571428571,Маркетплейсы
1275,2024-03-01,0.025988963589774535,0.9191468253968254,Продовольствие
1127,2024-03-01,0.025859740086811193,0.9181547619047619,Продовольствие
2015,2024-03-01,0.025768103924390783,0.9171626984126984,Продовольствие
347,2024-03-01,0.02552822802834917,0.9166666666666666,Продовольствие
787,2024-03-01,0.025481680795908176,0.9161706349206349,Маркетплейсы
2229,2024-03-01,0.025443537844198432,0.9151785714285714,Продовольствие
556,2024-03-01,0.025354738265829672,0.9136904761904762,Продовольствие
2158,2024-03-01,0.025291318736423513,0.9131944444444444,Продовольствие
1220,2024-03-01,0.02521949586674299,0.9126984126984127,Маркетплейсы
289,2024-03-01,0.02504180756795127,0.9122023809523809,Продовольствие
1766,2024-03-01,0.025024651967028532,0.9117063492063492,Продовольствие
602,2024-03-01,0.024925636300695157,0.9107142857142857,Продовольствие
1975,2024-03-01,0.02485813962614669,0.910218253968254,Продовольствие
243,2024-03-01,0.0247813502799966,0.9097222222222222,Продовольствие
484,2024-03-01,0.024776843527241785,0.9092261904761905,Маркетплейсы
456,2024-03-01,0.024755312051724824,0.9087301587301587,Маркетплейсы
2134,2024-03-01,0.024738235172884163,0.908234126984127,Маркетплейсы
829,2024-03-01,0.02460060393305609,0.9067460317460317,Продовольствие
2037,2024-03-01,0.024586697881687478,0.90625,Продовольствие
445,2024-03-01,0.02457409635748708,0.9057539682539683,Продовольствие
1686,2024-03-01,0.024488159750571864,0.9052579365079365,Маркетплейсы
191,2024-03-01,0.02446410284199335,0.9047619047619048,Продовольствие
1966,2024-03-01,0.0243741592232646,0.9037698412698413,Продовольствие
1544,2024-03-01,0.024286309956439673,0.902281746031746,Продовольствие
1126,2024-03-01,0.024244531872241813,0.9017857142857143,Маркетплейсы
1773,2024-03-01,0.024231549766560563,0.9012896825396826,Маркетплейсы
930,2024-03-01,0.02423083747387809,0.9007936507936508,Маркетплейсы
292,2024-03-01,0.024222395072234778,0.9002976190476191,Продовольствие
